/* GENERATED by tools/gen_blob.py -- do not edit by hand. */
#include "netbin_story.h"

#ifdef NETBIN

const unsigned char netbin_story_bytes[20023] = {
    0x03,0x00,0x00,0x58,0x4e,0x37,0x4f,0x05,0x3b,0x21,0x02,0xb0,0x22,0x71,0x2e,0x53,
    0x00,0x00,0x38,0x34,0x30,0x37,0x32,0x36,0x01,0xf0,0xa5,0xc6,0xa1,0x29,0x00,0x00,
    0x00,0x00,0x00,0x00,0x00,0x00,0x00,0x00,0x00,0x00,0x00,0x00,0x00,0x00,0x00,0x00,
    0x00,0x00,0x00,0x00,0x00,0x00,0x00,0x00,0x00,0x00,0x00,0x00,0x00,0x00,0x00,0x00,
    0x65,0xaa,0x80,0xa5,0x13,0x2d,0xa8,0x05,0x13,0xd4,0xe8,0x05,0x96,0x60,0x7a,0x9a,
    0xdc,0x05,0xbb,0x00,0x1a,0x69,0x80,0xa5,0x7a,0x9a,0x80,0xa5,0x13,0x2d,0x2a,0xea,
    0x80,0xa5,0x20,0xd3,0x17,0x19,0x80,0xa5,0xd1,0x60,0xe6,0x80,0x96,0x40,0x71,0xd9,
    0xb4,0x05,0x1a,0xea,0x80,0xa5,0x65,0xa6,0xe4,0x05,0x34,0xdb,0xa8,0x05,0x71,0xae,
    0xa1,0xa0,0x13,0x2d,0xbb,0x00,0x2e,0xf4,0xc8,0x05,0x44,0xd7,0xb1,0x40,0x65,0xb7,
    0x53,0x4c,0xb4,0x05,0x1a,0xb5,0x28,0xd7,0xe0,0x05,0xba,0x60,0x35,0x57,0xa8,0xa5,
    0x70,0xd9,0xaa,0xe0,0x5e,0x94,0xc8,0x05,0x11,0x1e,0x22,0x34,0xd7,0x00,0x45,0x46,
    0x25,0xd3,0xb0,0x05,0x4c,0xd7,0x5e,0x9c,0x80,0xa5,0x20,0xd3,0x4e,0x99,0x80,0xa5,
    0x62,0x46,0xc6,0x20,0x3a,0x79,0xd0,0x05,0x23,0xc8,0x46,0x95,0xe0,0x05,0x35,0xd8,
    0x80,0xa5,0x65,0xae,0xa9,0x60,0x11,0xd9,0x80,0xa5,0x62,0x9a,0xe5,0xa0,0x61,0x4a,
    0xcb,0x00,0x1a,0x37,0x28,0xc9,0xf8,0x05,0x26,0x93,0x17,0x19,0x80,0xa5,0x9d,0x40,
    0x1f,0x59,0x80,0xa5,0x72,0x9a,0xc5,0x20,0x13,0xd4,0xea,0xe0,0x65,0xaa,0xdd,0x40,
    0x20,0xd3,0x80,0xa5,0x65,0xae,0xe0,0x05,0x11,0xd9,0x17,0x18,0x80,0xa5,0x63,0x26,
    0x3a,0xe8,0x1b,0x0a,0x80,0xa5,0xd2,0x60,0x2e,0x97,0x80,0xa5,0x71,0x58,0xe4,0x05,
    0x28,0xd8,0xe4,0x05,0x4e,0x97,0xe5,0xa0,0x4e,0x99,0x80,0xa5,0x66,0xf4,0xc6,0x20,
    0x4e,0x99,0x35,0xd3,0xb0,0x05,0x46,0x94,0x41,0xd3,0xb0,0x05,0x91,0xc0,0x54,0xd9,
    0xb4,0x05,0x22,0x34,0xe1,0x49,0x20,0xd3,0x26,0x2a,0xe0,0x05,0x11,0x77,0x39,0x8e,
    0xa4,0x05,0x72,0x93,0x17,0x19,0x80,0xa5,0x56,0xf4,0x1c,0xc7,0xc7,0xc0,0x35,0x57,
    0xa8,0x05,0x12,0xf4,0xd2,0x45,0x18,0xf4,0xeb,0x20,0x90,0xc0,0x66,0x94,0x80,0xa5,
    0x65,0xa6,0xe4,0xa5,0x5e,0x94,0xc8,0xa5,0x26,0x94,0xdc,0x05,0x32,0xe6,0x65,0xd3,
    0xb0,0x05,0x32,0xf4,0x6a,0x69,0x80,0xa5,0x53,0x59,0x80,0xa5,0x53,0x2d,0xaa,0xe0,
    0x70,0xd1,0xc4,0x05,0x54,0xd8,0x60,0xcc,0xab,0x00,0x3a,0x55,0x53,0x18,0x38,0xf1,
    0xa8,0x05,0x34,0xd8,0x80,0xa5,0x53,0x6a,0xdc,0x05,0x45,0x5b,0xaa,0x20,0x42,0x74,
    0x22,0x18,0x80,0xa5,0x1d,0x4b,0x52,0xea,0x80,0xa5,0x54,0xd8,0x60,0xcc,0xa8,0x05,
    0x11,0x74,0x5f,0x3a,0x4c,0xd9,0xaa,0x3e,0x13,0x53,0x2e,0x97,0x67,0x53,0x1b,0x2a,
    0xc7,0xc5,0xbb,0x20,0x9a,0x60,0x65,0xae,0xce,0x00,0x5d,0xdb,0xaa,0xe0,0x66,0xf4,
    0x46,0x25,0xe3,0x00,0x26,0x8a,0x62,0x65,0xe3,0x20,0x13,0xd4,0x68,0xb8,0xdd,0x40,
    0x00,0x20,0x00,0x22,0x00,0x24,0x00,0x26,0x00,0x27,0x00,0x29,0x00,0x2a,0x00,0x2c,
    0x00,0x2e,0x00,0x31,0x00,0x34,0x00,0x35,0x00,0x36,0x00,0x37,0x00,0x39,0x00,0x3b,
    0x00,0x3d,0x00,0x3f,0x00,0x41,0x00,0x43,0x00,0x45,0x00,0x47,0x00,0x4a,0x00,0x4d,
    0x00,0x4e,0x00,0x50,0x00,0x52,0x00,0x54,0x00,0x57,0x00,0x5a,0x00,0x5d,0x00,0x60,
    0x00,0x62,0x00,0x64,0x00,0x67,0x00,0x69,0x00,0x6b,0x00,0x6d,0x00,0x6f,0x00,0x71,
    0x00,0x74,0x00,0x77,0x00,0x78,0x00,0x7a,0x00,0x7c,0x00,0x7e,0x00,0x80,0x00,0x82,
    0x00,0x84,0x00,0x87,0x00,0x8b,0x00,0x8c,0x00,0x8e,0x00,0x90,0x00,0x92,0x00,0x94,
    0x00,0x96,0x00,0x98,0x00,0x9b,0x00,0x9e,0x00,0x9f,0x00,0xa1,0x00,0xa3,0x00,0xa6,
    0x00,0xa9,0x00,0xac,0x00,0xaf,0x00,0xb1,0x00,0xb3,0x00,0xb5,0x00,0xb6,0x00,0xb8,
    0x00,0xba,0x00,0xbc,0x00,0xbe,0x00,0xc1,0x00,0xc4,0x00,0xc6,0x00,0xc8,0x00,0xca,
    0x00,0xcd,0x00,0xd1,0x00,0xd3,0x00,0xd5,0x00,0xd7,0x00,0xda,0x00,0xdd,0x00,0xe0,
    0x00,0xe4,0x00,0xe9,0x00,0xea,0x00,0xeb,0x00,0xed,0x00,0xef,0x00,0xf2,0x00,0xf5,
    0x00,0x00,0x00,0x00,0x00,0x00,0x00,0x00,0x00,0x00,0x00,0x00,0x00,0x00,0x00,0x00,
    0x00,0x00,0x00,0x00,0x00,0x00,0x00,0x00,0x00,0x00,0x00,0x00,0x00,0x05,0x00,0x00,
    0x00,0x00,0x00,0x00,0x00,0x00,0x00,0x00,0x00,0x00,0x00,0x00,0x00,0x00,0x00,0x00,
    0x00,0x00,0x00,0x00,0x00,0x00,0x00,0x00,0x00,0x00,0x00,0x00,0x00,0x00,0x00,0x02,
    0x00,0x08,0xf7,0x02,0x00,0x0b,0xb8,0x00,0x00,0x00,0x00,0xf7,0x03,0x00,0x0b,0xcb,
    0x00,0x02,0x00,0x00,0xf7,0x05,0x00,0x0b,0xd9,0x01,0x42,0x00,0x02,0x00,0x00,0x00,
    0x0b,0xee,0x00,0x00,0x00,0x02,0xf7,0x06,0x00,0x0b,0xfd,0x00,0x02,0x00,0x00,0xf7,
    0x07,0x00,0x0c,0x0d,0x00,0x00,0x00,0x00,0xf7,0x08,0x00,0x0c,0x20,0x00,0x00,0x00,
    0x00,0xf7,0x09,0x00,0x0c,0x35,0x00,0x02,0x00,0x00,0xf7,0x0a,0x00,0x0c,0x47,0x00,
    0x02,0x00,0x00,0xf7,0x0c,0x00,0x0c,0x57,0x00,0x00,0x00,0x00,0x00,0x00,0x00,0x0c,
    0x64,0x10,0x02,0x00,0x00,0xf7,0x0e,0x00,0x0c,0x71,0x00,0x00,0x00,0x00,0xf9,0x5c,
    0x00,0x0c,0x86,0x00,0x00,0x00,0x08,0xf7,0xf9,0x00,0x0c,0x8f,0x02,0x00,0x00,0x00,
    0x52,0x10,0x00,0x0c,0x98,0x02,0x00,0x00,0x00,0x52,0x11,0x00,0x0c,0xab,0x02,0x00,
    0x00,0x00,0x52,0x12,0x00,0x0c,0xbe,0x02,0x00,0x00,0x00,0x52,0x13,0x00,0x0c,0xd1,
    0x02,0x00,0x00,0x00,0x52,0x9d,0x00,0x0c,0xe4,0x02,0x00,0x00,0x00,0x52,0x15,0x00,
    0x0c,0xf7,0x02,0x00,0x00,0x00,0x52,0x7c,0x00,0x0d,0x0e,0x02,0x00,0x00,0x00,0x52,
    0xe2,0x00,0x0d,0x22,0x02,0x00,0x00,0x00,0x52,0x18,0x00,0x0d,0x3e,0x02,0x00,0x00,
    0x00,0x52,0x19,0x00,0x0d,0x4f,0x02,0x40,0x08,0x00,0x52,0x1a,0x00,0x0d,0x64,0x02,
    0x40,0x08,0x00,0x52,0x1b,0x00,0x0d,0x83,0x02,0x40,0x08,0x00,0x52,0x88,0x00,0x0d,
    0x99,0x02,0x40,0x08,0x00,0x52,0x1d,0x00,0x0d,0xb0,0x02,0x40,0x08,0x00,0x52,0x7e,
    0x00,0x0d,0xc5,0x02,0x40,0x08,0x00,0x52,0x1f,0x00,0x0d,0xe7,0x08,0x40,0x08,0x00,
    0x52,0x82,0x00,0x0d,0xf7,0x02,0x40,0x00,0x00,0x52,0x21,0x00,0x0e,0x0c,0x02,0x40,
    0x00,0x00,0x52,0x22,0x00,0x0e,0x2b,0x08,0x40,0x00,0x00,0x52,0x23,0x00,0x0e,0x4f,
    0x08,0x40,0x00,0x00,0x52,0x24,0x00,0x0e,0x66,0x08,0x40,0x08,0x00,0x52,0x8c,0x00,
    0x0e,0x82,0x02,0x00,0x00,0x00,0x52,0x26,0x00,0x0e,0x9c,0x02,0x00,0x00,0x00,0x52,
    0x8a,0x00,0x0e,0xb8,0x02,0x00,0x00,0x00,0x52,0x28,0x00,0x0e,0xd3,0x02,0x00,0x00,
    0x00,0x52,0x6b,0x00,0x0e,0xe9,0x02,0x00,0x00,0x00,0x52,0xbb,0x00,0x0f,0x02,0x02,
    0x00,0x00,0x00,0x52,0x2b,0x00,0x0f,0x22,0x02,0x00,0x00,0x00,0x52,0x2c,0x00,0x0f,
    0x37,0x02,0x00,0x00,0x00,0x52,0x2d,0x00,0x0f,0x4c,0x02,0x00,0x00,0x00,0x52,0x2e,
    0x00,0x0f,0x61,0x02,0x00,0x00,0x00,0x52,0x2f,0x00,0x0f,0x74,0x02,0x00,0x00,0x00,
    0x52,0x98,0x00,0x0f,0x88,0x08,0x00,0x00,0x00,0x52,0x31,0x00,0x0f,0x9b,0x02,0x00,
    0x00,0x00,0x52,0xac,0x00,0x0f,0xb9,0x02,0x00,0x00,0x00,0x52,0xbe,0x00,0x0f,0xd4,
    0x02,0x00,0x00,0x00,0x52,0xb9,0x00,0x0f,0xfd,0x06,0x00,0x00,0x00,0x52,0x35,0x00,
    0x10,0x14,0x06,0x00,0x00,0x00,0x52,0x36,0x00,0x10,0x23,0x06,0x00,0x00,0x00,0x52,
    0x37,0x00,0x10,0x34,0x06,0x00,0x00,0x00,0x52,0x38,0x00,0x10,0x45,0x06,0x00,0x00,
    0x00,0x52,0x39,0x00,0x10,0x54,0x02,0x00,0x00,0x00,0x52,0x3a,0x00,0x10,0x69,0x06,
    0x00,0x00,0x00,0x52,0x3b,0x00,0x10,0x80,0x06,0x00,0x00,0x00,0x52,0x3c,0x00,0x10,
    0x91,0x06,0x00,0x00,0x00,0x52,0x3d,0x00,0x10,0xa0,0x06,0x00,0x00,0x00,0x52,0x3e,
    0x00,0x10,0xb7,0x06,0x00,0x00,0x00,0x52,0x3f,0x00,0x10,0xc6,0x06,0x00,0x00,0x00,
    0x52,0x40,0x00,0x10,0xd5,0x06,0x00,0x00,0x00,0x52,0x41,0x00,0x10,0xea,0x06,0x00,
    0x00,0x00,0x52,0xa7,0x00,0x10,0xfb,0x06,0x00,0x00,0x00,0x52,0x43,0x00,0x11,0x0a,
    0x06,0x00,0x00,0x00,0x52,0x44,0x00,0x11,0x19,0x06,0x00,0x00,0x00,0x52,0x45,0x00,
    0x11,0x28,0x06,0x00,0x00,0x00,0x52,0x46,0x00,0x11,0x37,0x06,0x00,0x00,0x00,0x52,
    0x5e,0x00,0x11,0x48,0x02,0x00,0x00,0x00,0x52,0x66,0x00,0x11,0x59,0x02,0x00,0x00,
    0x00,0x52,0xc1,0x00,0x11,0x74,0x00,0x02,0x00,0x80,0xf9,0x0d,0x00,0x11,0x93,0x02,
    0x40,0x08,0x00,0x52,0x8f,0x00,0x11,0xab,0x02,0x40,0x08,0x00,0x52,0x4c,0x00,0x11,
    0xc9,0x02,0x40,0x08,0x00,0x52,0xef,0x00,0x11,0xea,0x02,0x40,0x08,0x00,0x52,0x4e,
    0x00,0x12,0x0c,0x02,0x40,0x08,0x00,0x52,0x4f,0x00,0x12,0x2b,0x02,0x40,0x08,0x00,
    0x52,0x50,0x00,0x12,0x4a,0x02,0x40,0x08,0x00,0x52,0x51,0x00,0x12,0x72,0x02,0x40,
    0x08,0x00,0x52,0xb2,0x00,0x12,0x92,0x00,0x00,0x00,0x00,0x00,0x00,0xb4,0x12,0xb2,
    0x00,0x00,0x40,0x00,0x56,0x00,0x00,0x12,0xb6,0x00,0x80,0x40,0x00,0x57,0x00,0x00,
    0x12,0xdb,0x00,0x00,0x40,0x00,0x00,0x00,0x00,0x13,0x02,0x00,0x10,0x50,0x00,0x00,
    0x00,0x53,0x13,0x22,0x00,0x80,0x50,0x00,0x59,0x00,0x54,0x13,0x49,0x02,0x40,0x08,
    0x00,0x52,0x4b,0x59,0x13,0x71,0x00,0x90,0x50,0x20,0x58,0x00,0x57,0x13,0x88,0x00,
    0x02,0x00,0x00,0xd7,0xb8,0x00,0x13,0x9d,0x00,0x00,0x40,0x08,0xc7,0x63,0x00,0x13,
    0xae,0x00,0x02,0x00,0x80,0xf9,0x5d,0x00,0x13,0xbe,0x00,0x02,0x00,0x80,0xf9,0x75,
    0x00,0x13,0xd2,0x02,0x00,0x00,0x00,0x52,0x94,0x5f,0x13,0xe7,0x00,0x00,0xc0,0x00,
    0x5e,0x00,0x00,0x14,0x03,0x02,0x00,0x00,0x00,0x52,0xe6,0x61,0x14,0x26,0x00,0x40,
    0x80,0x00,0x60,0x00,0x00,0x14,0x3b,0x00,0x00,0x40,0x08,0x63,0x00,0x00,0x14,0x57,
    0x00,0x00,0xd0,0x00,0xc7,0x7b,0x62,0x14,0x72,0x08,0x00,0x00,0x00,0x52,0x32,0x65,
    0x14,0x8e,0x01,0x00,0x40,0x00,0x64,0x00,0x00,0x14,0xad,0x02,0x00,0x00,0x00,0x52,
    0x48,0xd9,0x14,0xd6,0x00,0x00,0xc0,0x20,0x9a,0x00,0x00,0x14,0xf2,0x00,0x00,0x48,
    0x41,0x6a,0x00,0x00,0x15,0x10,0x02,0x00,0x00,0x00,0x52,0x85,0x6a,0x15,0x2f,0x00,
    0x32,0x10,0x00,0x69,0x00,0x68,0x15,0x48,0x02,0x00,0x00,0x00,0x52,0x29,0x72,0x15,
    0x5c,0x00,0x00,0xc0,0x20,0x9c,0x00,0x00,0x15,0x71,0x01,0x00,0xc0,0x00,0xc2,0x00,
    0x00,0x15,0x89,0x00,0x04,0x40,0x04,0xc1,0x6f,0x00,0x15,0xa5,0x00,0x0a,0x81,0x00,
    0xc1,0xa4,0x00,0x15,0xc4,0x00,0x03,0x00,0x00,0x9d,0x00,0x00,0x15,0xe0,0x00,0x06,
    0x40,0x04,0x72,0x00,0x00,0x15,0xec,0x01,0x14,0x10,0x02,0x6b,0x00,0x73,0x15,0xff,
    0x00,0x06,0x00,0x00,0x72,0x71,0x00,0x16,0x1b,0x01,0x00,0x40,0x00,0x7e,0x00,0x00,
    0x16,0x2a,0x00,0x02,0x00,0x80,0xf9,0x83,0x00,0x16,0x52,0x02,0x00,0x00,0x00,0x52,
    0x14,0x77,0x16,0x65,0x00,0x00,0x40,0x20,0x76,0x00,0x00,0x16,0x74,0x02,0x40,0x00,
    0x00,0x52,0x1e,0x79,0x16,0x8c,0x00,0x00,0x40,0x08,0x78,0x00,0x00,0x16,0xa2,0x00,
    0x00,0x40,0x08,0xa7,0x80,0x00,0x16,0xb2,0x00,0x00,0x40,0x08,0xc7,0x9f,0x00,0x16,
    0xc4,0x02,0x40,0x00,0x00,0x52,0x16,0x7d,0x16,0xd9,0x00,0x00,0x40,0x00,0x7c,0x00,
    0x00,0x16,0xf6,0x02,0x00,0x00,0x00,0x52,0x78,0x7f,0x17,0x20,0x00,0x02,0x00,0x00,
    0x7e,0x74,0x00,0x17,0x2f,0x00,0x04,0x40,0x0c,0xa7,0xa5,0x00,0x17,0x3b,0x00,0x44,
    0x40,0x00,0xc9,0x00,0x00,0x17,0x55,0x08,0x40,0x00,0x00,0x52,0x20,0xa2,0x17,0x6d,
    0x00,0x02,0x00,0x00,0xf9,0x84,0x00,0x17,0x8a,0x00,0x02,0x00,0x80,0xf9,0x91,0x00,
    0x17,0x98,0x02,0x00,0x00,0x00,0x52,0xaf,0x86,0x17,0xa6,0x00,0x02,0x00,0x00,0x85,
    0x00,0x00,0x17,0xbd,0x00,0x42,0x80,0x00,0xdc,0x00,0x00,0x17,0xd0,0x02,0x00,0x08,
    0x00,0x52,0x1c,0x89,0x17,0xe1,0x01,0x00,0x40,0x00,0x88,0x00,0x00,0x18,0x05,0x02,
    0x00,0x00,0x00,0x52,0x27,0x8b,0x18,0x24,0x00,0x40,0x40,0x00,0x8a,0x00,0x00,0x18,
    0x37,0x02,0x40,0x08,0x00,0x52,0xc7,0x8d,0x18,0x57,0x00,0x00,0x40,0x20,0x8c,0x00,
    0x00,0x18,0x6b,0x00,0x00,0x40,0x20,0x00,0x00,0x00,0x18,0x8c,0x02,0x40,0x08,0x00,
    0x52,0x58,0x90,0x18,0xa9,0x00,0x04,0x40,0x20,0x8f,0x00,0x00,0x18,0xc4,0x00,0x06,
    0x00,0x00,0xf9,0xae,0x00,0x18,0xe0,0x00,0x04,0x40,0x00,0x00,0x00,0x00,0x18,0xfa,
    0x00,0x00,0x48,0x41,0xd4,0x00,0x00,0x19,0x1c,0x02,0x00,0x08,0x00,0x52,0x47,0x95,
    0x19,0x38,0x00,0x00,0x40,0x20,0x94,0x00,0x00,0x19,0x47,0x02,0x00,0x00,0x00,0x52,
    0x30,0x97,0x19,0x6c,0x00,0x06,0x00,0x00,0x96,0x00,0x00,0x19,0x7f,0x02,0x00,0x08,
    0x00,0x52,0x96,0x99,0x19,0x8f,0x00,0x06,0x00,0x00,0x98,0x00,0x00,0x19,0xa2,0x02,
    0x00,0x08,0x00,0x52,0xd7,0x9b,0x19,0xb2,0x00,0x00,0xc0,0x00,0x9a,0x67,0x00,0x19,
    0xc5,0x00,0x90,0x40,0x30,0x00,0x00,0x6c,0x19,0xe2,0x02,0x00,0x00,0x00,0x52,0xe4,
    0x9e,0x1a,0x02,0x00,0x06,0x10,0x00,0x9d,0x70,0x00,0x1a,0x11,0x01,0x02,0x00,0x00,
    0xc7,0xc3,0x00,0x1a,0x28,0x00,0x04,0x10,0x00,0xb4,0x00,0xa1,0x1a,0x38,0x00,0x00,
    0xc0,0x20,0xa0,0x00,0x00,0x1a,0x4d,0x00,0x00,0x50,0x00,0x82,0x00,0xa3,0x1a,0x69,
    0x00,0x00,0x40,0x00,0xa2,0x00,0x00,0x1a,0x82,0x00,0x00,0x40,0x01,0xc1,0xb7,0x00,
    0x1a,0x97,0x00,0x00,0x40,0x00,0xa7,0xa6,0x00,0x1a,0xb8,0x00,0x00,0x40,0x00,0xa7,
    0x00,0x00,0x1a,0xe1,0x06,0x00,0x00,0x00,0x52,0x42,0xa8,0x1a,0xff,0x00,0x06,0x00,
    0x00,0xa7,0x7a,0x00,0x1b,0x0e,0x00,0x04,0x40,0x04,0xca,0x00,0x00,0x1b,0x20,0x00,
    0x00,0x40,0x00,0xde,0x00,0x00,0x1b,0x3a,0x00,0x00,0x40,0x00,0x00,0x00,0x00,0x1b,
    0x5a,0x02,0x00,0x00,0x00,0x52,0x64,0xad,0x1b,0x75,0x00,0x00,0x40,0x08,0xac,0x00,
    0x00,0x1b,0x95,0x01,0x02,0x01,0x00,0xf9,0xb0,0x00,0x1b,0xb1,0x02,0x00,0x00,0x00,
    0x52,0x60,0xd0,0x1b,0xc1,0x00,0x02,0x00,0x00,0xf9,0xb6,0x00,0x1b,0xd4,0x00,0x02,
    0x00,0x00,0xb2,0x00,0x00,0x1b,0xe2,0x02,0x40,0x08,0x00,0x52,0x00,0xb3,0x1b,0xf7,
    0x00,0x02,0x01,0x00,0xb2,0xb1,0x00,0x1c,0x0b,0x02,0x40,0x08,0x00,0x52,0x0f,0xb5,
    0x1c,0x1e,0x00,0x02,0x01,0x00,0xb4,0xa0,0x00,0x1c,0x47,0x00,0x02,0x00,0x00,0xf9,
    0xcd,0x00,0x1c,0x56,0x01,0x02,0x01,0x00,0xc1,0xc0,0x00,0x1c,0x6a,0x00,0x06,0x00,
    0x00,0xd7,0xd6,0x00,0x1c,0x81,0x02,0x00,0x00,0x00,0x52,0x34,0xba,0x1c,0x91,0x00,
    0x06,0x00,0x02,0xb9,0x00,0x00,0x1c,0xa8,0x02,0x00,0x00,0x00,0x52,0x2a,0xbc,0x1c,
    0xc0,0x00,0x00,0x40,0x00,0xbb,0x00,0x00,0x1c,0xd3,0x00,0x00,0x44,0x00,0xe0,0x00,
    0x00,0x1c,0xf6,0x02,0x00,0x00,0x00,0x52,0x33,0xbf,0x1d,0x0a,0x00,0x04,0x50,0x00,
    0xbe,0x00,0x00,0x1d,0x21,0x00,0x06,0x00,0x00,0xc1,0x00,0x00,0x1d,0x47,0x02,0x40,
    0x08,0x00,0x52,0xc9,0xc2,0x1d,0x58,0x00,0x8e,0x10,0x00,0xc1,0x6e,0x6d,0x1d,0x7b,
    0x00,0x02,0x00,0x00,0xc7,0xc4,0x00,0x1d,0x90,0x00,0x02,0x00,0x00,0xc7,0xc5,0x00,
    0x1d,0xa4,0x00,0x02,0x00,0x00,0xc7,0xc6,0x00,0x1d,0xb8,0x00,0x02,0x00,0x00,0xc7,
    0x00,0x00,0x1d,0xcc,0x02,0x00,0x00,0x00,0x52,0x9a,0xc8,0x1d,0xe2,0x00,0x54,0x10,
    0x00,0xc7,0x5b,0x00,0x1d,0xf5,0x02,0x40,0x00,0x00,0x52,0xcb,0xca,0x1e,0x13,0x00,
    0x32,0x10,0x00,0xc9,0x81,0xa9,0x1e,0x20,0x02,0x40,0x08,0x00,0x52,0x4a,0xcc,0x1e,
    0x2c,0x00,0x32,0x10,0x00,0xcb,0x00,0xe0,0x1e,0x53,0x00,0x00,0x00,0x80,0xf9,0xea,
    0x00,0x1e,0x67,0x02,0x40,0x00,0x00,0x52,0x76,0xcf,0x1e,0x7b,0x00,0x00,0x40,0x00,
    0xce,0x00,0x00,0x1e,0x92,0x00,0xc0,0x50,0x00,0xaf,0x00,0xd1,0x1e,0xa9,0x00,0x00,
    0x40,0x04,0xd0,0x00,0x00,0x1e,0xcc,0x00,0x00,0x40,0x00,0x00,0x00,0x00,0x1e,0xf2,
    0x00,0x01,0xd0,0x20,0xd5,0x00,0x00,0x1f,0x05,0x02,0x40,0x08,0x00,0x52,0xdc,0xd5,
    0x1f,0x27,0x00,0x32,0x10,0x00,0xd4,0x93,0xd3,0x1f,0x3a,0x00,0x06,0x00,0x00,0xd7,
    0x00,0x00,0x1f,0x46,0x02,0x00,0x08,0x00,0x52,0xd4,0xd8,0x1f,0x5a,0x00,0x07,0x00,
    0x00,0xd7,0x5a,0x00,0x1f,0x6f,0x00,0x14,0x00,0x02,0x66,0x00,0xda,0x1f,0x80,0x00,
    0x06,0x40,0x04,0xd9,0x00,0x00,0x1f,0x94,0x00,0x04,0x00,0x00,0x00,0x00,0x00,0x1f,
    0xab,0x02,0x40,0x08,0x00,0x52,0x69,0xdd,0x1f,0xc7,0x00,0x00,0x40,0x00,0xdc,0x87,
    0x00,0x1f,0xe0,0x02,0x40,0x00,0x00,0x52,0x17,0xdf,0x1f,0xf3,0x00,0x04,0x00,0x02,
    0xde,0xaa,0x00,0x20,0x02,0x00,0x00,0x50,0x20,0xcc,0xec,0xe1,0x20,0x14,0x00,0x00,
    0x44,0x00,0xe0,0xbd,0x00,0x20,0x33,0x02,0x00,0x00,0x00,0x52,0xde,0xe3,0x20,0x48,
    0x00,0x1c,0x10,0x00,0xe2,0x00,0x00,0x20,0x5f,0x02,0x40,0x00,0x00,0x52,0xce,0xe5,
    0x20,0x75,0x00,0x04,0x00,0x00,0xe4,0x00,0x00,0x20,0x96,0x02,0x00,0x08,0x00,0x52,
    0xe8,0xe7,0x20,0xab,0x00,0x00,0x40,0x00,0xe6,0x00,0x00,0x20,0xc0,0x02,0x00,0x08,
    0x00,0x52,0x25,0xe9,0x20,0xde,0x00,0x02,0x00,0x02,0xe8,0x00,0x00,0x21,0x06,0x00,
    0x02,0x00,0x80,0xf9,0xeb,0x00,0x21,0x21,0x00,0x02,0x01,0x00,0xf9,0xee,0x00,0x21,
    0x32,0x00,0x08,0x50,0x00,0xcc,0x00,0xed,0x21,0x47,0x00,0x04,0x42,0x00,0xec,0x00,
    0x00,0x21,0x62,0x00,0x00,0x02,0x00,0xf9,0xf1,0x00,0x21,0x7f,0x02,0x40,0x08,0x00,
    0x52,0x4d,0xf0,0x21,0x8d,0x00,0x02,0x00,0x80,0xef,0x00,0x00,0x21,0xa7,0x00,0x02,
    0x00,0x80,0xf9,0xf2,0x00,0x21,0xbe,0x00,0x02,0x00,0x00,0xf9,0xf3,0x00,0x21,0xcc,
    0x00,0x02,0x00,0x00,0xf9,0xf4,0x00,0x21,0xde,0x00,0x02,0x00,0x00,0xf9,0x00,0x00,
    0x21,0xf2,0x00,0x00,0x00,0x00,0xf7,0xf6,0x00,0x22,0x04,0x00,0x00,0x00,0x00,0xf7,
    0x00,0x00,0x22,0x16,0xf3,0xbc,0x28,0x00,0x00,0x00,0xf8,0x22,0x2b,0x00,0x02,0x00,
    0x00,0xf7,0x01,0x00,0x22,0x2d,0x00,0x00,0x00,0x00,0xf7,0xf5,0xfa,0x22,0x3f,0x00,
    0x02,0x00,0x00,0xf9,0x49,0x00,0x22,0x63,0x04,0x54,0xce,0x5c,0x01,0x29,0xa6,0xcd,
    0x38,0xb2,0x46,0xdc,0x42,0xc2,0x42,0xb4,0x10,0x82,0x00,0x03,0x7e,0x97,0x42,0x4e,
    0xa4,0xa5,0x32,0x4e,0x29,0x31,0x2a,0x04,0x00,0x01,0xf0,0xde,0xf2,0x46,0xf8,0x3e,
    0xd2,0x4c,0x46,0x47,0x14,0x31,0x29,0xe3,0x70,0x85,0xf2,0x84,0x83,0x00,0x02,0x22,
    0xea,0xe5,0xd3,0x32,0x3b,0x59,0x31,0x00,0x00,0x27,0x00,0x00,0x00,0x01,0xfa,0x9a,
    0xf2,0x45,0x93,0x45,0xe0,0x49,0x91,0x3e,0xd9,0x31,0x29,0x5c,0x00,0x04,0x1e,0x26,
    0x63,0x20,0x05,0x46,0xba,0xe5,0xf2,0x45,0x1c,0x3b,0x6e,0x45,0xc4,0x3d,0x4a,0x00,
    0x04,0x47,0x57,0x41,0xd3,0x30,0x0c,0xdf,0x4a,0x32,0x42,0x91,0x31,0x28,0xc5,0x70,
    0x88,0x87,0xce,0x86,0x00,0x02,0x32,0xf4,0xea,0x69,0xf2,0x42,0x83,0x49,0x05,0x3f,
    0x6c,0x41,0x3a,0x31,0x28,0xab,0x00,0x02,0x60,0xce,0xc6,0x97,0xb2,0x48,0xfe,0x41,
    0x5d,0x3b,0xde,0x31,0x28,0x7d,0x00,0x03,0x1e,0x2a,0x63,0x0e,0xcd,0x98,0x72,0x3c,
    0xa9,0x42,0x59,0x00,0x04,0x63,0x48,0x34,0x19,0x35,0xd3,0xb0,0xa5,0x31,0x27,0xd1,
    0x00,0x05,0x5c,0xd3,0x26,0x92,0x02,0x87,0x3d,0x48,0xe4,0xa5,0xf2,0x43,0xcc,0x4b,
    0xba,0x42,0xf3,0x43,0x0f,0x00,0x02,0x57,0x0a,0xe9,0x34,0x31,0x29,0x5c,0x00,0x02,
    0x4f,0x52,0x9d,0x57,0x32,0x43,0xa9,0x00,0x03,0x13,0x11,0x39,0x2a,0x80,0x63,0x1f,
    0x18,0x1e,0x2d,0x16,0x48,0x2b,0x99,0xf0,0x05,0xcd,0x00,0x04,0x11,0x14,0x1a,0x20,
    0x12,0x4e,0xcd,0x45,0x1f,0x11,0x1d,0x10,0x16,0x15,0x2b,0x99,0xe2,0x00,0x04,0x11,
    0x14,0x1a,0x20,0x12,0x4e,0xcd,0x45,0x1e,0x12,0x1c,0x11,0x18,0x10,0x2b,0x99,0xe2,
    0x00,0x04,0x11,0x14,0x1a,0x20,0x12,0x4e,0xcd,0x45,0x1f,0x12,0x1c,0x13,0x19,0x11,
    0x2b,0x99,0xe2,0x00,0x04,0x11,0x14,0x1a,0x20,0x12,0x4e,0xcd,0x45,0x1f,0x7c,0x1e,
    0x13,0x1b,0x12,0x2b,0x99,0xe2,0x00,0x05,0x12,0x26,0x25,0x2a,0x5c,0x04,0x1e,0x99,
    0xe6,0x92,0x1d,0xce,0x1c,0x76,0x17,0x15,0x2b,0x99,0x4b,0x05,0x75,0x00,0x04,0x12,
    0x26,0x25,0x2a,0x5c,0x04,0xe6,0x95,0x17,0x10,0x16,0x14,0x2b,0x99,0x23,0x25,0x75,
    0x49,0x00,0x04,0x13,0x12,0x2a,0x31,0x78,0x03,0x8c,0xa5,0x1c,0xe2,0x16,0x7c,0x2b,
    0x98,0xdc,0x05,0x49,0xe4,0x46,0x42,0x7c,0xd6,0x41,0xe9,0x7c,0xd6,0x00,0x04,0x13,
    0x16,0x69,0x46,0x43,0xc0,0x8c,0x65,0x1f,0xde,0x1e,0x18,0x2b,0x98,0x6d,0x00,0x05,
    0x12,0x4e,0x4d,0x40,0x11,0x53,0x66,0xe6,0xcd,0x0a,0x1d,0x17,0x1c,0x0f,0x15,0x17,
    0x2b,0x98,0x46,0x00,0x04,0x11,0x06,0x4f,0xc2,0x48,0x9b,0xb9,0x5c,0x1e,0x1a,0x1d,
    0x4c,0x3c,0x8f,0x43,0x1a,0x4a,0x16,0x1a,0x31,0x27,0x77,0x2b,0x97,0x9a,0x45,0x5d,
    0x83,0x84,0x00,0x05,0x12,0xf4,0x22,0x1e,0x00,0x91,0x29,0x2c,0xa8,0xa5,0x17,0x19,
    0x16,0x1b,0x2b,0x97,0x5a,0x25,0x5d,0x83,0x00,0x05,0x11,0x06,0x4f,0xc2,0x48,0x87,
    0x53,0x39,0xd2,0x45,0x1f,0x88,0x17,0x1a,0x2b,0x97,0x2e,0x45,0xee,0x5d,0x83,0x00,
    0x05,0x12,0x93,0x00,0x20,0x12,0xe6,0x3a,0x67,0xd3,0x85,0x1e,0x1d,0x1d,0x88,0x2b,
    0x96,0xb2,0x05,0x84,0x00,0x05,0x10,0xd7,0x19,0x86,0x06,0xe4,0x2c,0xd1,0xc7,0x05,
    0x1f,0x1e,0x7d,0x1c,0x9e,0x00,0x00,0x77,0x1c,0x9e,0x00,0x00,0x36,0x96,0xac,0x31,
    0x73,0xcb,0x45,0xee,0x83,0x84,0x00,0x02,0x13,0x0d,0xd2,0xea,0x1f,0x78,0x1c,0x1d,
    0x2b,0x96,0x40,0x25,0xee,0x83,0x00,0x03,0x0b,0xe4,0x5d,0xdb,0xaa,0xe5,0x1e,0x1e,
    0x37,0x95,0x1a,0x13,0x1e,0x2b,0x96,0x26,0x25,0xee,0x83,0x00,0x07,0x13,0x8d,0x3b,
    0x2a,0x00,0x88,0x45,0xcb,0x2f,0x00,0x10,0xea,0x99,0x0d,0x7f,0x21,0xa4,0x95,0xc7,
    0x31,0x73,0x44,0x2b,0x95,0xcd,0x45,0xee,0x5c,0x83,0x00,0x07,0x13,0x8d,0x3b,0x2a,
    0x00,0x88,0x45,0xcb,0x2f,0x00,0x10,0xea,0x99,0x0d,0x7d,0x27,0xa4,0x95,0xc7,0x7c,
    0x20,0xa4,0x95,0xc7,0x31,0x73,0x44,0x2b,0x95,0x98,0x45,0xee,0x5c,0x83,0x00,0x03,
    0x0b,0xe4,0x5d,0xdb,0xaa,0xe5,0x1d,0x21,0x37,0x95,0x1a,0x16,0x82,0x13,0x21,0x2b,
    0x95,0x72,0x25,0xee,0x83,0x00,0x03,0x0b,0xe4,0x5d,0xdb,0xaa,0xe5,0x3e,0x95,0x27,
    0x3d,0x95,0x65,0x37,0x95,0x1a,0x16,0x22,0x33,0x95,0x5b,0x2b,0x95,0x34,0x25,0xee,
    0x83,0x00,0x03,0x0b,0xe4,0x5d,0xdb,0xaa,0xe5,0x3e,0x95,0x27,0x1d,0x8c,0x37,0x95,
    0x1a,0x16,0x23,0x13,0x8c,0x2b,0x94,0xfc,0x25,0xee,0x83,0x00,0x02,0x11,0x0d,0x9b,
    0x12,0x1c,0x26,0x1b,0x32,0x18,0x29,0x17,0x29,0x36,0x93,0x12,0x2b,0x92,0xef,0x25,
    0xb0,0x49,0x64,0x3e,0x0e,0x7c,0x52,0x00,0x08,0x12,0x74,0x5f,0x2d,0x17,0x84,0x62,
    0x9a,0x65,0xa0,0x12,0xa6,0x63,0x06,0xb1,0x45,0x1f,0x25,0x1c,0x6b,0x1b,0x28,0x2b,
    0x92,0xdd,0x00,0x04,0x11,0x26,0x4a,0xa0,0x11,0x06,0xed,0x45,0x1e,0x21,0x1d,0x8a,
    0x3c,0x92,0xd5,0x2b,0x92,0xb4,0x05,0xb0,0x00,0x05,0x11,0x2a,0x2a,0xa0,0x11,0x06,
    0x4f,0xd4,0xcc,0xa5,0x1e,0xd7,0x1a,0x32,0x18,0x26,0x16,0x8a,0x31,0x66,0xf2,0x05,
    0x49,0x00,0x07,0x11,0x46,0x63,0x25,0x70,0x9c,0x2b,0x19,0x00,0x95,0x1b,0x18,0x99,
    0x8a,0x1f,0x25,0x1e,0x6b,0x1d,0x66,0x16,0x25,0x2d,0x00,0x05,0x2b,0x92,0x79,0x05,
    0x49,0x00,0x06,0x13,0x3c,0x3b,0x19,0x3a,0x6c,0x00,0x95,0x1b,0x18,0x99,0x8a,0x1f,
    0x96,0x1e,0x2f,0x2b,0x92,0x4f,0x00,0x06,0x13,0x8e,0x4d,0x2e,0x4d,0x80,0x12,0xa6,
    0x63,0x06,0xb1,0x45,0x1f,0x98,0x1e,0x2e,0x2b,0x92,0x4f,0x00,0x06,0x12,0x66,0x5e,
    0xf4,0x70,0x04,0x54,0xd8,0x60,0xcc,0xa8,0xa5,0x1f,0x6b,0x1c,0x98,0x2b,0x92,0x32,
    0x00,0x05,0x11,0x14,0x45,0x20,0x12,0xa6,0x63,0x06,0xb1,0x45,0x1d,0x0f,0x1c,0x96,
    0x2b,0x92,0x16,0x00,0x02,0x11,0x06,0xed,0x45,0x1f,0x98,0x1d,0x2b,0x16,0xe8,0x31,
    0x70,0xa5,0x2b,0x91,0xfe,0x05,0x49,0x00,0x02,0x11,0x06,0xed,0x45,0x1f,0x96,0x1d,
    0x2a,0x1c,0xbb,0x16,0xbb,0x2b,0x91,0xec,0x05,0x49,0x00,0x03,0x13,0x19,0x5d,0x46,
    0xc8,0xa5,0x1e,0x64,0x3d,0x91,0xe4,0x37,0x91,0xe4,0x16,0x64,0x13,0x31,0x2b,0x91,
    0xb4,0x05,0xee,0x64,0x4b,0x12,0x7c,0x39,0x00,0x05,0x13,0x19,0x5d,0x46,0x48,0x04,
    0x6d,0xca,0xf0,0xa5,0x1e,0x32,0x3d,0x91,0xa5,0x2b,0x91,0x86,0x05,0xee,0x64,0x4b,
    0x12,0x7c,0x39,0x00,0x06,0x12,0xea,0x61,0x57,0x6e,0x8e,0x5c,0x04,0x62,0x9a,0xe5,
    0xa5,0x7f,0x64,0xa0,0x91,0x7b,0x1e,0xd7,0x1d,0x31,0x19,0x28,0x18,0x25,0x31,0x60,
    0x87,0x05,0xee,0xe4,0x44,0x4a,0x7c,0x19,0x3e,0x0e,0x7c,0x52,0x00,0x06,0x13,0x19,
    0x5c,0xd3,0x31,0x40,0x12,0xa6,0x63,0x06,0xb1,0x45,0x1e,0xc1,0x1d,0xb9,0x15,0xb9,
    0x2b,0x91,0x28,0x00,0x02,0x12,0x46,0xfd,0x45,0x1d,0x35,0x1c,0x3f,0x19,0xb9,0x2b,
    0x90,0xcd,0x00,0x02,0x12,0x46,0xfd,0x45,0x1d,0x34,0x1c,0x3f,0x1b,0x3f,0x1a,0x35,
    0x2b,0x90,0xcd,0x00,0x02,0x12,0x46,0xfd,0x45,0x1e,0x3c,0x1d,0x3a,0x1c,0x3b,0x16,
    0x38,0x2b,0x90,0xcd,0x00,0x04,0x11,0x2a,0x19,0x20,0x11,0x53,0xa4,0xa5,0x1c,0x38,
    0x2b,0x90,0xe0,0x00,0x02,0x12,0x46,0xfd,0x45,0x1f,0x37,0x1e,0x36,0x18,0x3a,0x17,
    0x3c,0x56,0x57,0xd3,0x00,0x2b,0x90,0xcd,0x00,0x04,0x11,0x97,0x1b,0x2e,0x4d,0x80,
    0x8c,0x65,0x18,0x3a,0x97,0x8f,0xae,0x91,0x11,0x00,0x31,0x56,0xdf,0x05,0xae,0x00,
    0x02,0x12,0x46,0xfd,0x45,0x1b,0x39,0x1a,0x36,0x18,0x38,0x16,0x3b,0x2b,0x90,0xcd,
    0x00,0x02,0x12,0x46,0xfd,0x45,0x1e,0x3c,0x1d,0x36,0x17,0x3a,0x2b,0x90,0xcd,0x00,
    0x02,0x12,0x46,0xfd,0x45,0x1f,0x40,0x1e,0x3b,0x1d,0x38,0x1c,0x36,0x1a,0x3c,0x56,
    0x57,0xd3,0x00,0x2b,0x90,0xcd,0x00,0x04,0x11,0x2a,0x19,0x20,0x11,0x53,0xa4,0xa5,
    0x1f,0x3e,0x2b,0x90,0xe0,0x00,0x02,0x12,0x46,0xfd,0x45,0x1d,0x3e,0x1b,0x3f,0x19,
    0x3d,0x2b,0x90,0xcd,0x00,0x02,0x12,0x46,0xfd,0x45,0x1e,0x3e,0x1d,0x40,0x1c,0x34,
    0x17,0x35,0x56,0x57,0xd3,0x00,0x2b,0x90,0xcd,0x00,0x02,0x12,0x46,0xfd,0x45,0x1e,
    0x3f,0x1d,0x40,0x17,0x3c,0x16,0xa7,0x2b,0x90,0xcd,0x00,0x04,0x11,0x2a,0x19,0x20,
    0x11,0x53,0xa4,0xa5,0x1d,0xa7,0x2b,0x90,0xe0,0x00,0x04,0x11,0x2a,0x19,0x20,0x11,
    0x53,0xa4,0xa5,0x1c,0x43,0x2b,0x90,0xe0,0x00,0x02,0x12,0x46,0xfd,0x45,0x1f,0x46,
    0x1e,0x42,0x1d,0x44,0x2b,0x90,0xcd,0x00,0x02,0x12,0x46,0xfd,0x45,0x1f,0x43,0x1d,
    0x45,0x17,0xa7,0x2b,0x90,0xcd,0x00,0x02,0x12,0x46,0xfd,0x45,0x1e,0x44,0x1c,0x46,
    0x56,0x57,0xd3,0x00,0x2b,0x90,0xcd,0x00,0x02,0x12,0x46,0xfd,0x45,0x1f,0x46,0x1e,
    0x66,0x1d,0x43,0x1c,0x45,0x2b,0x90,0xcd,0x00,0x05,0x11,0x46,0x63,0x20,0x05,0x44,
    0x21,0xa6,0xe2,0x45,0x1f,0x48,0x1e,0x94,0x36,0x90,0x2a,0x2b,0x90,0x09,0x64,0x3e,
    0x0e,0x7c,0x52,0x00,0x03,0x11,0x0a,0x46,0x26,0xdc,0xa5,0x1f,0x66,0x3d,0x8f,0xbe,
    0x1c,0x47,0x97,0xc1,0xb7,0x00,0x00,0x00,0x31,0x52,0x53,0x2d,0x00,0x19,0x45,0xb7,
    0xcd,0x49,0x00,0x02,0x63,0x26,0xba,0xf8,0xf2,0x4a,0xb7,0x4a,0xef,0x4a,0xb0,0x4a,
    0xbe,0x31,0x28,0x6b,0x90,0xc7,0xf3,0x99,0x89,0xdc,0x00,0x03,0x11,0x11,0x28,0xd7,
    0xba,0x6c,0x1f,0x4d,0x1e,0x19,0x1d,0x4f,0x1c,0x4c,0x37,0x8e,0xe2,0x31,0x79,0x74,
    0x2b,0x8f,0x83,0x65,0xf1,0xf4,0xf3,0xf2,0x00,0x05,0x11,0x74,0x5d,0x58,0x64,0x04,
    0x54,0xd9,0xb4,0xa5,0x1f,0x8f,0x1e,0x4d,0x1d,0x4e,0x1c,0x51,0x17,0x58,0x31,0x79,
    0x74,0x2b,0x8f,0x4f,0x65,0xf1,0xf4,0xf3,0xf2,0x00,0x03,0x11,0x74,0x5d,0x58,0xe4,
    0xa5,0x1f,0x4a,0x3e,0x8f,0x33,0x1d,0x4e,0x3c,0x8f,0x43,0x1a,0x50,0x37,0x8e,0xe2,
    0x31,0x79,0x74,0x2b,0x8e,0xfb,0x65,0xf1,0xf4,0xf3,0xf2,0x00,0x03,0x11,0x74,0x5d,
    0x58,0xe4,0xa5,0x3f,0x8f,0x0a,0x1e,0xef,0x1d,0x4b,0x1c,0x4a,0x37,0x8e,0xe2,0x31,
    0x79,0x74,0x2b,0x8e,0xfb,0x65,0xf1,0xf4,0xf3,0xf2,0x00,0x03,0x11,0x74,0x5d,0x58,
    0xe4,0xa5,0x1f,0x8f,0x1e,0x4b,0x3d,0x8e,0xee,0x1c,0x4c,0x37,0x8e,0xe2,0x31,0x79,
    0x74,0x2b,0x8e,0xca,0x65,0xf1,0xf4,0xf3,0xf2,0x00,0x05,0x10,0xea,0x35,0xd3,0x24,
    0x04,0x36,0x9a,0xe1,0x45,0x1f,0x51,0x1e,0x4a,0x9d,0xcb,0xeb,0x00,0x00,0x00,0x1c,
    0x50,0x1a,0x51,0x18,0x50,0x95,0xcb,0xeb,0x00,0x00,0x00,0x31,0x4a,0xca,0x25,0xf3,
    0xeb,0x00,0x05,0x13,0x14,0x6b,0x2d,0x00,0x2a,0x11,0xb4,0xeb,0x0a,0x3f,0x8e,0xa7,
    0x1e,0x4f,0x1d,0xb4,0x1c,0x4c,0x1b,0x4f,0x1a,0xb4,0x2b,0x8e,0xb0,0x45,0xb6,0xfa,
    0xf3,0x00,0x05,0x12,0x74,0x5f,0x2d,0x00,0x2a,0x11,0xb4,0xeb,0x0a,0x1f,0x4b,0x1e,
    0x4f,0x1d,0xb4,0x3c,0x8e,0xa7,0x19,0x4f,0x18,0xb4,0x2b,0x8e,0x82,0x45,0xb6,0xfa,
    0xf3,0x00,0x00,0x15,0x52,0x00,0x08,0x1e,0xf4,0x41,0x53,0x01,0x11,0x51,0x10,0x72,
    0x97,0x40,0x08,0x1a,0x66,0xdf,0xc5,0x72,0x3d,0xac,0x4c,0x62,0x31,0x78,0x9f,0x70,
    0xe2,0x8b,0xc2,0x8a,0x2e,0x8d,0xe2,0x2c,0x00,0x01,0x00,0x08,0x32,0x91,0x25,0x53,
    0x01,0x11,0x51,0x10,0x72,0x97,0x40,0x08,0x1a,0x66,0xdf,0xc5,0x72,0x3d,0xac,0x4c,
    0x62,0x31,0x78,0x9f,0x50,0x8b,0xc2,0x8a,0x2e,0x8d,0xa6,0x2d,0x00,0x06,0x2c,0x00,
    0x04,0x00,0x08,0x1d,0x46,0x6b,0x2e,0x2f,0x51,0x00,0xf7,0x1b,0x18,0x00,0xe6,0x68,
    0xf1,0xa8,0xa5,0x72,0x3c,0x47,0x4c,0x62,0x30,0xe9,0xfb,0x2d,0x00,0x01,0x2c,0x00,
    0x01,0x00,0x09,0x1e,0xf4,0x41,0x53,0x01,0xea,0x71,0x51,0x17,0x8a,0x4d,0x17,0x6b,
    0x19,0x29,0x20,0xa9,0x8c,0x72,0x40,0x06,0x4c,0x62,0x70,0xe2,0x8e,0x8d,0x8c,0x2c,
    0x00,0x02,0x2b,0x8d,0x9c,0x2a,0x00,0x06,0x00,0x07,0x3d,0x5c,0x2a,0x25,0x71,0x53,
    0x22,0xfa,0x63,0x2a,0x24,0x0a,0xb1,0x85,0x72,0x40,0x06,0x4c,0x62,0x31,0x77,0xb8,
    0x50,0x8e,0x8d,0xa6,0x2e,0x8d,0x40,0x2d,0x00,0x05,0x2c,0x00,0x05,0x2a,0x00,0x06,
    0x00,0x04,0x13,0x55,0x00,0xc0,0x13,0x37,0xa9,0x45,0x37,0x8f,0x7b,0x16,0x4b,0x31,
    0x77,0x0d,0x65,0xf1,0xf2,0xf4,0xf3,0x00,0x04,0x1d,0xd7,0x24,0xb8,0x60,0x13,0xab,
    0x19,0x32,0x46,0x11,0x10,0x8e,0x2e,0x8d,0x32,0x2a,0x00,0x14,0x00,0x05,0x22,0x93,
    0x66,0xf4,0x44,0x15,0x1a,0x6a,0xc4,0xa5,0x32,0x46,0xe3,0x10,0x8f,0x00,0x02,0x72,
    0xea,0xcd,0x0d,0xb2,0x4d,0xe3,0x4c,0x0e,0x4c,0x1c,0x2f,0x00,0x0a,0x00,0x04,0x71,
    0xae,0x65,0x40,0x22,0x2e,0xad,0x78,0x72,0x3e,0x4d,0x3e,0x54,0x31,0x79,0x8a,0x10,
    0xfc,0x00,0x02,0x22,0x2e,0xad,0x65,0xf2,0x4d,0x65,0x3e,0x4d,0x4d,0x6c,0x44,0xac,
    0x31,0x79,0x99,0x30,0x91,0x90,0x00,0x03,0x13,0x19,0x69,0x2e,0xd0,0xa5,0x1c,0x94,
    0x57,0x52,0xbc,0x00,0x2b,0x90,0x64,0x05,0xea,0xe4,0x3f,0x9d,0x7c,0xb4,0x46,0xce,
    0x7c,0xc3,0x00,0x08,0x13,0xe4,0x50,0x97,0x12,0x00,0x53,0x93,0x2a,0xe5,0x63,0x00,
    0x48,0xd3,0xe8,0xd1,0xb2,0x45,0x5b,0x47,0x4c,0x46,0xea,0x50,0x93,0x92,0xf4,0x2e,
    0x8c,0xc5,0x28,0x8c,0xd4,0x00,0x06,0x11,0x53,0x32,0xe6,0x6d,0xd3,0x33,0x00,0x11,
    0x06,0xed,0x45,0x1e,0x85,0x1a,0x6b,0x2b,0x93,0x70,0x00,0x05,0x0d,0xc1,0x35,0x53,
    0x32,0xe6,0x6d,0xd3,0xb3,0x05,0xb2,0x4d,0x65,0x40,0x3e,0x43,0x94,0x30,0xb7,0xdf,
    0x2b,0x8c,0x4f,0x28,0x8c,0x5a,0x00,0x06,0x6d,0xd8,0x22,0x9a,0x60,0x12,0x1b,0x2a,
    0x5d,0xc6,0xc4,0xa5,0x72,0x45,0x8c,0x42,0xa6,0x31,0x5f,0xef,0x10,0x94,0x2f,0x00,
    0x06,0x00,0x02,0x67,0x47,0xa8,0xa5,0xb2,0x4c,0x93,0x4c,0x23,0x46,0xff,0x31,0x60,
    0x06,0x2f,0x00,0x05,0x2b,0x8c,0x23,0x2a,0x00,0x07,0x28,0x8c,0x34,0x00,0x04,0x12,
    0xea,0x61,0x57,0x6e,0x8e,0xdc,0xa5,0x1f,0xac,0x1d,0x30,0x1c,0x32,0x17,0x30,0x36,
    0x91,0x7f,0x31,0x61,0x7e,0x05,0xee,0x64,0x4b,0x12,0x7c,0x39,0x00,0x05,0x66,0xfa,
    0x4e,0x00,0x05,0x4f,0x2b,0x8a,0xc7,0x05,0xf2,0x4c,0x8c,0x3e,0x15,0x43,0xef,0x4c,
    0x62,0x31,0x84,0xe1,0x10,0xb7,0x2f,0x00,0x23,0x2e,0x8b,0xff,0x2d,0x00,0x0f,0x2c,
    0x00,0x05,0x2b,0x8c,0x13,0x00,0x04,0x04,0x24,0x66,0xf4,0x46,0x20,0x8c,0x65,0x7e,
    0x29,0x9d,0x8f,0xfc,0x7d,0x46,0x9d,0x8f,0xfc,0x1c,0x48,0x31,0x85,0x82,0x2b,0x8f,
    0xd3,0x00,0x05,0x66,0x9a,0x5c,0x0c,0x69,0xc9,0x28,0xf4,0xd2,0x05,0xf2,0x42,0x98,
    0x3d,0x04,0x3d,0x12,0x42,0x9f,0x30,0x96,0x95,0x2e,0x8a,0xdc,0x28,0x8a,0xf6,0x00,
    0x02,0x66,0x97,0xa1,0xa5,0xb2,0x4c,0x2a,0x43,0xd3,0x4c,0x62,0x31,0x58,0x86,0x30,
    0x98,0x97,0x2f,0x00,0x14,0x2e,0x8a,0xc9,0x2d,0x00,0x0e,0x2c,0x00,0x06,0x00,0x03,
    0x13,0x34,0x5d,0x0d,0x80,0x63,0x1c,0xdc,0x37,0x93,0xa4,0x16,0xdc,0x31,0x59,0xa4,
    0x05,0x49,0x64,0x3f,0x8f,0x7c,0x8f,0x00,0x03,0x55,0x49,0x2b,0x19,0x9a,0x25,0x32,
    0x47,0x29,0x31,0x85,0x1f,0x30,0xfc,0x99,0x2a,0x00,0x1e,0x00,0x03,0x12,0xf4,0x6a,
    0x69,0x80,0x63,0x1f,0x26,0x1e,0x8a,0x1d,0x29,0x1c,0x2c,0x19,0x60,0x2b,0x92,0x91,
    0x00,0x03,0x64,0x7a,0x44,0xc7,0xaa,0x25,0xb2,0x44,0x3c,0x41,0x09,0x47,0xca,0x30,
    0x9e,0x9d,0x2f,0x00,0x02,0x28,0x8a,0x06,0x00,0x04,0x1a,0x68,0x39,0x53,0x64,0x12,
    0x9a,0xa5,0x72,0x46,0xf1,0x45,0x62,0x50,0x9f,0xb7,0xdf,0x2f,0x00,0x02,0x2e,0x89,
    0xb8,0x28,0x89,0xcb,0x00,0x02,0x63,0x94,0xdd,0x25,0xf2,0x4b,0x6d,0x46,0x8f,0x42,
    0x21,0x3c,0x9b,0x31,0x70,0xd3,0x50,0xa0,0xb7,0x9f,0x2f,0x00,0x1e,0x2e,0x89,0xa3,
    0x2c,0x00,0x00,0x00,0x04,0x72,0x94,0x25,0x53,0x01,0x34,0xd2,0xe5,0xb2,0x3f,0x9d,
    0x44,0xb3,0x4d,0xea,0x31,0x6d,0x57,0x70,0xdd,0xa3,0xa2,0xa1,0x28,0x89,0x8e,0x00,
    0x02,0x63,0x8e,0xe5,0x0d,0x32,0x4b,0x66,0x31,0x72,0x98,0x00,0x03,0x63,0x2e,0x45,
    0x59,0xe6,0x85,0x32,0x4a,0xf6,0x31,0x53,0xd7,0x10,0xa4,0x2f,0x00,0x0a,0x00,0x02,
    0x65,0xae,0xa9,0x65,0xf2,0x4b,0xc8,0x48,0xb8,0x45,0x4d,0x47,0x37,0x31,0x69,0xd4,
    0x50,0x9c,0x9b,0x9a,0x2b,0x8a,0xa5,0x27,0x00,0x05,0x00,0x02,0x06,0x87,0x99,0x85,
    0x32,0x3c,0x08,0x31,0x6c,0x3c,0x30,0xf9,0xa5,0x00,0x08,0x1d,0x46,0x6b,0x2e,0x2f,
    0x51,0x01,0xea,0x71,0x51,0x29,0x20,0x61,0x06,0xdc,0xc7,0xf2,0x49,0x28,0x3d,0x74,
    0x3c,0x55,0x4c,0x62,0x50,0xfb,0xa7,0xa6,0x2f,0x00,0x08,0x2d,0x00,0x05,0x2c,0x00,
    0x05,0x00,0x05,0x72,0x94,0x25,0x53,0x02,0x26,0x25,0x2a,0xdc,0xa5,0x32,0x44,0x43,
    0x50,0xdd,0xa8,0xf2,0x00,0x04,0x11,0x2a,0x19,0x20,0x11,0x53,0xa4,0xa5,0x1f,0x14,
    0x2b,0x99,0x6c,0x00,0x05,0x07,0xf5,0x3a,0x2a,0x00,0x2a,0x22,0x86,0xc4,0xa5,0xb2,
    0x3e,0x77,0x47,0x5a,0x42,0xd7,0x10,0xf4,0x2f,0x00,0x14,0x00,0x05,0x13,0x06,0x4d,
    0x3e,0x00,0x87,0x28,0xc8,0xb4,0xa5,0x1c,0x1e,0x1b,0x7e,0x2b,0x96,0x6b,0x25,0xee,
    0x83,0x00,0x02,0x61,0xb4,0xed,0x51,0xb2,0x49,0xd0,0x4c,0x0e,0x4c,0x1c,0x2f,0x00,
    0x0f,0x00,0x04,0x62,0x0a,0x45,0x59,0x0a,0x50,0xab,0xc5,0x32,0x43,0xfd,0x10,0xa9,
    0x2f,0x00,0x0a,0x00,0x04,0x61,0x17,0x2b,0x89,0x5d,0xdb,0xaa,0xe5,0xf2,0x49,0x52,
    0x4c,0x0e,0x4c,0x1c,0x3f,0xc7,0x10,0xaa,0x00,0x03,0x11,0x86,0x60,0x03,0x8c,0xa5,
    0x1e,0x13,0x17,0x16,0x31,0x71,0x01,0x2b,0x99,0x03,0x05,0x49,0xe4,0x41,0xe9,0x7c,
    0xd6,0x46,0x42,0x7c,0xd6,0x00,0x0a,0x60,0xd5,0x55,0xae,0x5d,0x45,0x71,0x53,0x22,
    0xfa,0x63,0x2a,0x24,0x07,0x5c,0xc8,0x2a,0x2a,0xe4,0xa5,0xf2,0x3d,0x27,0x43,0xe1,
    0x49,0x13,0x4c,0x62,0x10,0xab,0x2f,0x00,0x0a,0x2d,0x00,0x05,0x2c,0x00,0x05,0x00,
    0x04,0x13,0x06,0x4d,0x3e,0x00,0x88,0x9b,0x6a,0x18,0x78,0x2b,0x96,0x9b,0x00,0x02,
    0x60,0xd3,0xa4,0xa5,0x32,0x49,0x05,0x31,0x76,0xe3,0x00,0x04,0x5f,0x58,0x67,0xc0,
    0x42,0x6e,0xad,0x45,0x72,0x44,0x27,0x44,0x20,0x31,0x57,0xfa,0x10,0xbb,0x2f,0x00,
    0x14,0x2e,0x89,0x82,0x00,0x02,0x5e,0x95,0xa8,0xa5,0xb2,0x48,0xcd,0x42,0xec,0x3e,
    0x85,0x31,0x79,0xc6,0x10,0xf9,0x2f,0x00,0x0a,0x2e,0x89,0x76,0x00,0x03,0x0b,0xe4,
    0x5d,0xdb,0xaa,0xe5,0x1e,0x78,0x1d,0x20,0x37,0x95,0x1a,0x16,0x1f,0x33,0x96,0x1b,
    0x31,0x76,0xc9,0x2b,0x95,0xe7,0x25,0xee,0x83,0x00,0x02,0x5d,0xdb,0xaa,0xe5,0x32,
    0x48,0xb1,0x31,0x74,0x85,0x10,0xac,0x00,0x03,0x5c,0xce,0x4c,0xf4,0xf0,0xa5,0x32,
    0x48,0x2c,0x31,0x74,0x14,0x00,0x03,0x11,0x34,0x49,0x40,0x8c,0x65,0x1d,0x60,0x76,
    0x69,0xa3,0x93,0x96,0x31,0x5a,0x06,0x64,0x3f,0x8f,0x7c,0x8f,0x00,0x05,0x72,0x94,
    0x25,0x53,0x02,0xe6,0x3a,0x2e,0xcd,0x85,0x72,0x48,0x25,0x48,0x1e,0x10,0xdd,0x00,
    0x02,0x56,0xe6,0xf9,0x57,0x72,0x47,0xbc,0x43,0x94,0x30,0xdf,0xb7,0x28,0x89,0x0c,
    0x00,0x05,0x11,0x53,0x24,0x01,0x28,0x97,0x19,0xd3,0x9e,0x9c,0x7e,0x1c,0x9e,0x00,
    0x00,0x7b,0x1c,0x9e,0x00,0x00,0x18,0x1b,0x77,0x1c,0x9e,0x00,0x00,0x2b,0x96,0xdf,
    0x45,0xee,0x84,0x83,0x00,0x04,0x56,0x99,0x00,0x2a,0x32,0x91,0xa4,0xa5,0xb2,0x47,
    0xa7,0x42,0x3d,0x4c,0x62,0x10,0xc2,0x2f,0x00,0x0f,0x2e,0x88,0xff,0x2d,0x00,0x0a,
    0x2c,0x00,0x0a,0x00,0x03,0x12,0x34,0x69,0x20,0x8c,0x65,0x1e,0x27,0x1d,0x6b,0x17,
    0x28,0x31,0x65,0xb3,0x05,0x49,0x00,0x04,0x56,0x26,0x65,0xd3,0x6a,0x40,0x9c,0xd7,
    0xb2,0x3c,0x16,0x47,0x7d,0x4c,0x62,0x30,0xad,0xf9,0x2f,0x00,0x14,0x2d,0x00,0x0a,
    0x2c,0x00,0x05,0x2b,0x88,0xf5,0x00,0x04,0x11,0x26,0x48,0x04,0x1c,0xd8,0xa8,0xa5,
    0x1f,0xd7,0x17,0xd7,0x2b,0x94,0xb2,0x25,0xee,0x83,0x00,0x05,0x55,0xd1,0x28,0x01,
    0x2a,0xb1,0x1b,0x19,0xb9,0x05,0xf2,0x3c,0xe1,0x47,0x5a,0x47,0x76,0x4d,0x11,0x31,
    0x76,0x74,0x30,0xe4,0xb5,0x2f,0x00,0x14,0x2b,0x88,0xe2,0x00,0x05,0x57,0x53,0x23,
    0x3a,0x5d,0x49,0x00,0xf4,0x9b,0x25,0xb2,0x3c,0xe1,0x47,0x5a,0x47,0x76,0x31,0x74,
    0x4e,0x50,0xe4,0xae,0xf9,0x2f,0x00,0x14,0x00,0x03,0x11,0x11,0x28,0xd7,0xba,0x6c,
    0x3f,0x8f,0x0a,0x1e,0x4d,0x1d,0x4e,0x1c,0x4b,0x56,0x27,0x63,0x00,0x31,0x56,0x98,
    0x25,0xf3,0xae,0x00,0x05,0x55,0xd1,0x28,0x01,0x2a,0x2a,0x1b,0x6a,0xe0,0xa5,0xb2,
    0x44,0xa5,0x44,0x74,0x47,0x5a,0x31,0x56,0x2d,0x2f,0x00,0x19,0x2b,0x88,0xd9,0x00,
    0x05,0x55,0xd1,0x28,0x01,0x28,0xf4,0x25,0xca,0xe0,0xa5,0xf2,0x3c,0xe8,0x3c,0xef,
    0x48,0x72,0x47,0x5a,0x31,0x6d,0x7b,0x10,0xaf,0x00,0x08,0x07,0xf5,0x39,0x48,0x28,
    0x01,0x2b,0x6e,0x66,0xea,0x53,0x58,0x03,0x11,0x99,0x85,0xb2,0x42,0xa6,0x47,0x4c,
    0x4a,0x1d,0x31,0x73,0x00,0x30,0xf4,0xb0,0x2f,0x00,0x0a,0x00,0x05,0x54,0xce,0x5c,
    0x01,0x29,0x06,0x4d,0x31,0xab,0x05,0x72,0x3d,0xb3,0x46,0xdc,0x31,0x6f,0xab,0x10,
    0xb1,0x2f,0x00,0x0a,0x2e,0x88,0xca,0x00,0x03,0x11,0x86,0x46,0x2a,0xdf,0xc5,0x1f,
    0x5e,0x1d,0x47,0x2b,0x90,0x3a,0x00,0x03,0x54,0xce,0x4f,0x2e,0xcd,0x85,0xf2,0x46,
    0xd5,0x3b,0xbb,0x3d,0xba,0x4c,0x62,0x31,0x6e,0x07,0x10,0xfb,0x2f,0x00,0x0f,0x2e,
    0x88,0x9e,0x2d,0x00,0x04,0x2c,0x00,0x06,0x2b,0x88,0xbd,0x00,0x04,0x12,0x4e,0x5e,
    0xf4,0x5c,0x03,0x8c,0xa5,0x1f,0x2d,0x1e,0x2f,0x1d,0x2a,0x31,0x58,0xb4,0x00,0x02,
    0x49,0xd7,0xde,0x97,0xb2,0x48,0x64,0x45,0xa8,0x40,0x45,0x31,0x58,0xf6,0x00,0x04,
    0x12,0x4e,0x5e,0xf4,0x5c,0x03,0x8c,0xa5,0x1f,0x2c,0x1e,0x2e,0x1d,0x2b,0x31,0x58,
    0xb4,0x00,0x02,0x49,0xd7,0xde,0x97,0xb2,0x48,0x64,0x45,0xa8,0x40,0x45,0x31,0x58,
    0xf6,0x00,0x04,0x11,0x26,0x48,0x04,0x46,0x87,0x9f,0xc5,0x1f,0xc7,0x1e,0xc7,0x1c,
    0xd7,0x2b,0x94,0x2f,0x00,0x03,0x48,0xd9,0x21,0xa7,0xd2,0x90,0xb2,0x45,0x77,0x45,
    0x85,0x45,0x7e,0x31,0x6e,0xa1,0x10,0xb2,0x2f,0x00,0x02,0x2b,0x87,0xbb,0x28,0x87,
    0xd1,0x00,0x04,0x48,0xcc,0x39,0x00,0x1e,0x86,0xe4,0xa5,0x72,0x3c,0xe1,0x48,0x17,
    0x31,0x75,0x24,0x70,0xb5,0xb4,0xe4,0xb3,0x2f,0x00,0x14,0x2a,0x00,0x64,0x26,0x00,
    0x04,0x00,0x04,0x12,0x46,0x21,0xae,0x4d,0x40,0x8c,0x65,0x1f,0xe4,0x31,0x71,0xcf,
    0x00,0x03,0x48,0xc8,0x35,0xd3,0xa8,0xa5,0xf2,0x45,0x2a,0x47,0x1b,0x3f,0xd5,0x44,
    0xba,0x31,0x72,0x44,0x2a,0x00,0x32,0x00,0x02,0x45,0x46,0xc0,0xa5,0xb2,0x44,0x82,
    0x3f,0xb9,0x47,0x68,0x31,0x5f,0xb9,0x00,0x03,0x07,0xf2,0x19,0xd1,0x9e,0x9d,0x72,
    0x45,0x3f,0x3d,0x20,0x31,0x6e,0x94,0x10,0xf4,0x2a,0x00,0x0a,0x00,0x03,0x45,0x46,
    0x2e,0x2a,0xe4,0xa5,0xf2,0x3b,0x60,0x44,0x7b,0x3d,0x0b,0x45,0x38,0x10,0xf4,0x2f,
    0x00,0x02,0x2b,0x87,0x6e,0x28,0x87,0x77,0x00,0x03,0x5d,0x49,0x00,0xfa,0xd3,0xc5,
    0x32,0x3d,0x7b,0x31,0x27,0x5d,0x10,0xe8,0x2f,0x00,0x0a,0x2e,0x89,0x6a,0x2a,0x00,
    0x14,0x00,0x03,0x06,0x8a,0x49,0x57,0x9a,0x29,0x72,0x40,0x22,0x4c,0x62,0x10,0xf9,
    0x2d,0x00,0x05,0x2c,0x00,0x0a,0x00,0x05,0x1e,0xe6,0x63,0x00,0x44,0xd3,0x65,0x57,
    0xcc,0xa5,0xb2,0x44,0x51,0x44,0x5f,0x44,0xc8,0x31,0x6e,0x32,0x10,0xe9,0x2f,0x00,
    0x0f,0x2e,0x87,0x4d,0x2b,0x87,0x5f,0x00,0x07,0x45,0x46,0x65,0xaa,0x5c,0x07,0x19,
    0x80,0x05,0x48,0x51,0xd3,0xe0,0xa5,0xb2,0x3c,0x08,0x3e,0x8c,0x4c,0x62,0x31,0x84,
    0xdc,0x30,0xb7,0xb6,0x2f,0x00,0x0f,0x2d,0x00,0x0a,0x2c,0x00,0x05,0x2b,0x87,0x3e,
    0x00,0x06,0x1f,0x57,0x4d,0x49,0x17,0x83,0x32,0x26,0x4f,0x2a,0xde,0x65,0x72,0x44,
    0x5f,0x44,0x51,0x70,0xbb,0xba,0xb9,0xb8,0x2f,0x00,0x14,0x2e,0x87,0x2e,0x00,0x02,
    0x12,0x46,0xfd,0x45,0x1f,0x44,0x1e,0x41,0x18,0x40,0x2b,0x90,0xeb,0x00,0x03,0x62,
    0x0a,0x45,0x59,0xd2,0x65,0xb2,0x3c,0xfd,0x4a,0x01,0x3c,0xef,0x31,0x58,0x31,0x00,
    0x04,0x4c,0xd8,0x67,0xc0,0x42,0x6e,0xad,0x45,0xb2,0x44,0x27,0x44,0x20,0x3c,0x9b,
    0x31,0x58,0x2c,0x30,0xbd,0xbc,0x2e,0x87,0x23,0x00,0x05,0x3c,0xc9,0x28,0x0b,0x39,
    0x9a,0x5d,0xd3,0xa8,0xa5,0x72,0x40,0xe6,0x4c,0x62,0x30,0xbf,0xbe,0x2f,0x00,0x0a,
    0x2d,0x00,0x05,0x2c,0x00,0x05,0x2b,0x87,0x17,0x00,0x04,0x37,0x4c,0x28,0x09,0x38,
    0xd2,0xd2,0x69,0x72,0x3f,0x57,0x4c,0x62,0x30,0xc8,0xc0,0x2d,0x00,0x0a,0x2c,0x00,
    0x0a,0x2b,0x87,0x08,0x00,0x06,0x12,0xea,0x61,0x57,0x6e,0x8e,0x5c,0x04,0x4e,0x97,
    0xe5,0xa5,0x1f,0xbb,0x7c,0x64,0xa0,0x91,0x7b,0x31,0x61,0xfd,0x25,0xee,0x49,0x64,
    0x44,0x4a,0x7c,0x19,0x00,0x07,0x34,0xd3,0x24,0xbc,0x35,0x51,0x24,0x06,0x3a,0xe0,
    0x57,0x52,0xd4,0xa5,0xf2,0x47,0xdf,0x3b,0x75,0x4c,0x0e,0x4c,0x1c,0x30,0xf4,0xc1,
    0x00,0x03,0x32,0xe6,0x65,0xd3,0xb0,0xa5,0x72,0x42,0x67,0x42,0x6e,0x31,0x57,0x30,
    0x00,0x04,0x11,0x4c,0x7a,0xb9,0x38,0x7a,0x8c,0x65,0x1d,0xdc,0x17,0xdc,0x2b,0x93,
    0x7f,0x05,0x49,0x00,0x02,0x22,0xe6,0xa2,0x05,0x32,0x3e,0xcb,0x31,0x4f,0x8f,0x10,
    0xf2,0x00,0x04,0x63,0x34,0x4d,0x40,0x1c,0xd7,0xde,0x9c,0x72,0x3c,0x2b,0x4c,0x07,
    0x31,0x51,0x1c,0x30,0xc6,0xc7,0x00,0x05,0x13,0x19,0x52,0x6a,0x00,0x87,0x1a,0xf7,
    0xd3,0x85,0x1b,0xb4,0x31,0x4f,0xfb,0x2b,0x8e,0x5b,0x00,0x04,0x63,0x34,0x4d,0x40,
    0x26,0x94,0xdc,0xa5,0x32,0x3f,0x9d,0x31,0x51,0x13,0x30,0xc8,0xc7,0x00,0x05,0x13,
    0x8a,0x63,0x20,0x05,0x44,0x36,0x9a,0xe1,0x45,0x1f,0x51,0x3e,0x8e,0x4e,0x1d,0x4e,
    0x1c,0x50,0x1b,0x51,0x19,0x50,0x78,0xb2,0x9c,0x00,0x00,0x75,0xb2,0x9c,0x00,0x00,
    0x31,0x4a,0x9e,0x25,0xf3,0xfa,0x00,0x02,0x26,0x94,0xdc,0xa5,0x32,0x3f,0x9d,0x31,
    0x6d,0x57,0x30,0xc9,0xca,0x00,0x05,0x1e,0x86,0x5d,0x2a,0x24,0x1c,0x3a,0x69,0xd3,
    0x85,0x32,0x4d,0xc0,0x31,0x4f,0x61,0x10,0xca,0x00,0x03,0x66,0xe6,0x54,0x09,0xd2,
    0x97,0xf2,0x3f,0x9d,0x4c,0x5b,0x4c,0x54,0x3e,0xc4,0x31,0x52,0x05,0x30,0xcc,0xcb,
    0x00,0x01,0xa4,0xd2,0xf2,0x3f,0x11,0x41,0xf0,0x41,0xf7,0x40,0xa0,0x31,0x60,0x3a,
    0x00,0x02,0x07,0x63,0x8c,0xa5,0x7e,0x33,0x9f,0x91,0x15,0x1a,0x34,0x77,0xbe,0xa5,
    0x91,0x1c,0x31,0x64,0xd2,0x05,0x49,0x00,0x03,0x23,0xc8,0x46,0x95,0xe0,0xa5,0xb2,
    0x3f,0x03,0x45,0xb6,0x40,0x84,0x31,0x62,0xeb,0x30,0xce,0xcd,0x27,0x27,0x10,0x00,
    0x04,0x10,0xd9,0x44,0xd3,0x64,0x25,0x8c,0x65,0x1c,0xac,0x17,0x2f,0x2b,0x92,0x63,
    0x05,0x49,0x00,0x05,0x22,0xfe,0x63,0x26,0x44,0x19,0x5d,0xc9,0xaa,0x79,0xb2,0x4c,
    0x77,0x41,0x87,0x4c,0x62,0x50,0xd0,0xcf,0xef,0x2f,0x00,0x14,0x2e,0x86,0xda,0x2d,
    0x00,0x04,0x2c,0x00,0x0b,0x00,0x05,0x22,0x34,0x6d,0x40,0x05,0x4c,0x1a,0xf1,0xb9,
    0x05,0x72,0x41,0xe2,0x3e,0x70,0x31,0x85,0x36,0x00,0x04,0x13,0x37,0x28,0xd8,0x6a,
    0xea,0x80,0x63,0x16,0xb9,0x31,0x6c,0xe4,0x2d,0x00,0x19,0x2b,0x91,0x4c,0x05,0x49,
    0x00,0x03,0x21,0xa6,0x45,0xc8,0xa8,0xa5,0xf2,0x3d,0xf9,0x3e,0xee,0x49,0xec,0x4c,
    0x62,0x31,0x6c,0xb3,0x30,0xd2,0xd1,0x2f,0x00,0x0a,0x2d,0x00,0x0a,0x2c,0x00,0x05,
    0x2b,0x86,0xca,0x2a,0x00,0x05,0x00,0x02,0x20,0xd7,0xd5,0x59,0x72,0x48,0xdb,0x3d,
    0xc1,0x31,0x52,0xfd,0x30,0xf9,0xd3,0x00,0x04,0x12,0x2e,0x6d,0xd3,0x30,0x03,0x8c,
    0xa5,0x1e,0xcb,0x7d,0x33,0x9f,0x8f,0xb7,0x56,0x52,0xe8,0x00,0x31,0x51,0x36,0x05,
    0x49,0xe4,0x45,0xf5,0x4f,0x7c,0x45,0xee,0x4f,0x7c,0x00,0x04,0x66,0xf4,0x55,0xbe,
    0x01,0x06,0xe1,0x45,0x32,0x3d,0xd6,0x31,0x51,0x22,0x10,0xd4,0x2a,0x27,0x10,0x00,
    0x04,0x1e,0x3a,0x28,0x07,0x6b,0x39,0xd2,0x65,0x72,0x3d,0x9e,0x4b,0x66,0x31,0x5e,
    0xe6,0x10,0xd5,0x00,0x04,0x5d,0x49,0x00,0xfa,0x67,0x34,0xcc,0xa5,0x72,0x3d,0x9e,
    0x4b,0x66,0x31,0x5e,0xe6,0x10,0xe8,0x00,0x04,0x1e,0xf4,0x72,0x60,0x1f,0x59,0xe6,
    0x93,0x72,0x3d,0x9e,0x4b,0x66,0x31,0x5e,0xe6,0x10,0xda,0x00,0x05,0x79,0x51,0x46,
    0x9c,0x00,0xfa,0x67,0x34,0xcc,0xa5,0x72,0x3d,0x9e,0x4b,0x66,0x31,0x5e,0xe6,0x10,
    0xd6,0x00,0x05,0x12,0x46,0x3a,0x79,0x2a,0x66,0x4d,0x0a,0x80,0x63,0x1d,0x9a,0x1c,
    0x9a,0x2b,0x94,0x5d,0x00,0x07,0x32,0xf4,0x6a,0xa0,0x05,0x59,0x52,0x91,0x01,0x0d,
    0x2b,0x19,0xe0,0xa5,0xf2,0x3e,0x15,0x3e,0x1c,0x42,0x8a,0x4c,0x15,0x31,0x5f,0x57,
    0x10,0xd7,0x00,0x02,0x10,0xd9,0xe5,0xc8,0x16,0xcb,0x2b,0x8f,0xa8,0x05,0x49,0x00,
    0x02,0x64,0xc7,0xc5,0x45,0x32,0x4b,0x74,0x2a,0x00,0x28,0x00,0x03,0x12,0x0e,0x65,
    0x0d,0xaa,0x65,0x9e,0x4f,0xeb,0x00,0x00,0x00,0x1d,0xc1,0x17,0xc9,0x76,0x5e,0xa6,
    0x8f,0x9a,0x94,0x4f,0xeb,0x00,0x00,0x00,0x31,0x4f,0x98,0x2d,0x00,0x0a,0x45,0xeb,
    0xea,0x49,0x00,0x05,0x41,0xd9,0x21,0xaa,0x4c,0x19,0x18,0xf1,0xa8,0xa5,0x32,0x4b,
    0x74,0x10,0xf5,0x2a,0x00,0x32,0x00,0x02,0x21,0xba,0xe5,0x45,0xb2,0x3e,0x38,0x48,
    0x3a,0x4a,0x32,0x31,0x7a,0x87,0x50,0xdc,0xe6,0xdb,0x00,0x04,0x13,0x2e,0x48,0xea,
    0x5c,0x03,0x8c,0xa5,0x1e,0x14,0x7d,0xe4,0xa2,0x99,0xac,0x31,0x73,0x19,0x2b,0x99,
    0x77,0x00,0x05,0x1e,0xf4,0x41,0x53,0x03,0x2e,0x48,0xea,0xdc,0xa5,0x72,0x4b,0xf9,
    0x47,0x5a,0x30,0xdd,0xe2,0x2f,0x00,0x32,0x00,0x04,0x32,0x91,0x24,0x08,0x51,0x6b,
    0xba,0x65,0xb2,0x3e,0x7e,0x3d,0xdd,0x4c,0x62,0x30,0xc3,0xc2,0x2f,0x00,0x37,0x2d,
    0x00,0x0a,0x2c,0x00,0x0f,0x2b,0x86,0xf5,0x2a,0x00,0x23,0x00,0x03,0x61,0x0a,0x57,
    0x37,0xa8,0xa5,0xb2,0x49,0x36,0x49,0x2f,0x4c,0x62,0x31,0x73,0x4f,0x70,0xe1,0xe0,
    0xdf,0xde,0x2f,0x00,0x03,0x2e,0x86,0x8a,0x2d,0x00,0x04,0x2c,0x00,0x06,0x2b,0x86,
    0x77,0x00,0x05,0x1e,0xf4,0x41,0x53,0x02,0x26,0x4f,0x2a,0xde,0x65,0x72,0x44,0x51,
    0x44,0x5f,0x10,0xe2,0x00,0x04,0x1e,0x26,0x22,0x00,0x1e,0x94,0xc0,0xa5,0xf2,0x3d,
    0x04,0x47,0xbc,0x46,0xc7,0x3d,0x12,0x31,0x6d,0x91,0x30,0xf9,0xe3,0x2f,0x00,0x0a,
    0x2e,0x85,0xd8,0x28,0x85,0xe9,0x00,0x02,0x10,0xd1,0xe4,0xd7,0x1f,0xdc,0x76,0x2e,
    0x9b,0x94,0x1f,0x31,0x73,0x38,0x2b,0x93,0xee,0x00,0x02,0x1a,0x39,0x9a,0xe5,0x32,
    0x3b,0x83,0x2a,0x00,0x32,0x00,0x04,0x32,0xea,0x2a,0x60,0x1f,0x47,0x9e,0x2a,0x32,
    0x3d,0x6d,0x31,0x5e,0x00,0x50,0xf4,0xe5,0xe4,0x00,0x02,0x11,0x26,0xc8,0xa5,0x1f,
    0x9a,0x1e,0x8c,0x1d,0x32,0x1c,0x28,0x16,0x8c,0x31,0x5c,0x83,0x05,0xee,0x00,0x02,
    0x1e,0x91,0xe4,0xa5,0x72,0x3c,0xf6,0x46,0x34,0x31,0x5d,0x77,0x30,0xe6,0xf9,0x00,
    0x02,0x66,0xf4,0xc6,0x25,0x32,0x4c,0x7e,0x31,0x53,0xff,0x10,0xbd,0x2b,0x8b,0xe8,
    0x27,0x00,0x02,0x00,0x04,0x1e,0x34,0x51,0x3e,0x00,0xdd,0xa8,0xa5,0x72,0x3b,0xfa,
    0x3b,0xf3,0x31,0x53,0xd1,0x10,0xe7,0x2f,0x00,0x19,0x00,0x06,0x5d,0x49,0x01,0xb4,
    0x64,0x07,0x5c,0xd8,0x60,0x07,0xaa,0x31,0x32,0x3c,0x6a,0x31,0x4f,0x05,0x70,0xe9,
    0xed,0xe8,0xf4,0x2b,0x85,0xcf,0x00,0x03,0x13,0x2a,0x4a,0xb1,0xa8,0xa5,0x1f,0x69,
    0x1e,0xaf,0x1c,0xd4,0x17,0x69,0x16,0xaf,0x14,0x69,0x2b,0x93,0xaa,0x05,0x49,0x00,
    0x04,0x1e,0xe6,0x63,0x00,0x1d,0x51,0xc4,0xa5,0x32,0x3c,0x6a,0x31,0x4e,0xf8,0x30,
    0xf4,0xe9,0x00,0x03,0x10,0xe6,0x64,0x03,0x8c,0xa5,0x1e,0xe2,0x1c,0x17,0x31,0x71,
    0xae,0x00,0x01,0x9c,0xd9,0x72,0x3c,0x39,0x4d,0x18,0x31,0x4e,0xa8,0x30,0xeb,0xea,
    0x29,0x71,0x73,0x00,0x04,0x1e,0xf4,0x72,0x60,0x60,0xc8,0xc0,0xa5,0x72,0x3c,0x08,
    0x48,0xf7,0x31,0x7a,0xc8,0x50,0xda,0xd9,0xd8,0x2f,0x00,0x03,0x2e,0x86,0xb5,0x2a,
    0x00,0x0f,0x00,0x02,0x47,0x53,0xa1,0xa5,0xf2,0x41,0x56,0x49,0x0c,0x45,0x15,0x3f,
    0x65,0x30,0xed,0xec,0x2b,0x85,0xc5,0x00,0x03,0x13,0x0d,0x19,0x79,0x80,0x63,0x1f,
    0x16,0x1d,0xde,0x36,0x98,0xd0,0x2b,0x98,0x90,0x64,0x3d,0xf2,0x85,0x59,0x00,0x02,
    0x1c,0xd8,0xc1,0x59,0xb2,0x3d,0xa5,0x3f,0xdc,0x3c,0x32,0x31,0x4e,0x39,0x2b,0x85,
    0xba,0x2a,0x00,0x32,0x00,0x04,0x11,0x37,0x19,0x79,0x78,0x03,0x8c,0xa5,0x7e,0xce,
    0xa2,0x99,0xac,0x1c,0x9d,0x74,0xce,0xa2,0x99,0xac,0x31,0x73,0x19,0x2b,0x99,0xb4,
    0x64,0x3d,0xf2,0x85,0x59,0x00,0x02,0x1c,0xd8,0xc1,0x59,0xb2,0x3d,0xa5,0x3f,0xdc,
    0x3c,0x32,0x31,0x4e,0x39,0x10,0xee,0x2b,0x85,0xae,0x00,0x05,0x12,0x21,0x18,0x2a,
    0x04,0x04,0x25,0x46,0xa4,0xa5,0x1f,0xe8,0x14,0xe8,0x2b,0x93,0x2b,0x05,0x91,0x00,
    0x05,0x22,0xfe,0x63,0x26,0x44,0x18,0x43,0x51,0xc4,0xa5,0xb2,0x4a,0x16,0x42,0xd0,
    0x4c,0x62,0x10,0xef,0x2e,0x85,0x8b,0x2d,0x00,0x0a,0x2c,0x00,0x0a,0x00,0x06,0x11,
    0x53,0x66,0xe6,0x4d,0x0a,0x00,0x2b,0x11,0xa6,0xa5,0x58,0x7c,0xe6,0xa1,0x93,0x19,
    0x17,0x2e,0x75,0xe6,0xa1,0x93,0x19,0x31,0x5a,0x7f,0x05,0x91,0xe4,0x41,0xf0,0x7c,
    0x94,0x41,0xf7,0x7c,0x94,0x00,0x05,0x4f,0x52,0x1d,0x57,0x00,0x2a,0x31,0xb4,0xe3,
    0x38,0xf2,0x42,0x0c,0x4a,0x94,0x40,0xd1,0x41,0x72,0x31,0x4d,0xf4,0x30,0xf1,0xf0,
    0x00,0x03,0x21,0xae,0x4a,0x6a,0xf8,0xa5,0x32,0x3e,0x23,0x31,0x52,0xa2,0x30,0xf3,
    0xf2,0x00,0x05,0x41,0xd9,0x21,0xaa,0x4c,0x1c,0x3a,0x69,0xd3,0x85,0x32,0x4d,0xc0,
    0x31,0x4d,0xab,0x30,0xf5,0xf4,0x00,0x04,0x32,0x26,0x63,0x00,0x1e,0x99,0xe6,0x2a,
    0x72,0x3d,0x19,0x3e,0xaf,0x31,0x62,0x9e,0x30,0xc5,0xc4,0x2e,0x86,0xeb,0x2a,0x00,
    0x04,0x00,0x06,0x5b,0x46,0x4f,0x2e,0x67,0xc0,0x05,0x5c,0x1b,0x2a,0xdc,0xa5,0xf2,
    0x4d,0x73,0x48,0x09,0x44,0xcf,0x42,0xad,0x31,0x4c,0xab,0x2f,0x00,0x04,0x00,0x02,
    0x70,0xd9,0xaa,0xe5,0x72,0x4d,0x73,0x48,0x09,0x31,0x4c,0xab,0x00,0x03,0x11,0x74,
    0x5d,0x58,0xe4,0xa5,0x1f,0x4d,0x3e,0x8f,0x2a,0x1d,0x4d,0x1c,0x4d,0x37,0x8f,0x2a,
    0x2b,0x8f,0x18,0x25,0xf1,0xf3,0x00,0x05,0x4a,0x9a,0x4f,0x26,0x06,0xf7,0x1a,0x6c,
    0xa8,0xa5,0x72,0x45,0xbd,0x48,0x41,0x31,0x4c,0x95,0x30,0xf7,0xf6,0x00,0x02,0x66,
    0xea,0xa8,0xa5,0x72,0x4c,0x69,0x3d,0x2e,0x30,0xf9,0xf8,0x00,0x02,0x2e,0x97,0xab,
    0x19,0xf2,0x41,0x80,0x4c,0x70,0x47,0x61,0x42,0xe5,0x31,0x4c,0x64,0x00,0x04,0x71,
    0xae,0x65,0x40,0x36,0x9a,0xe1,0x45,0x32,0x43,0x32,0x31,0x4b,0xc7,0x50,0xfc,0xfb,
    0xfa,0x00,0x03,0x62,0x93,0x30,0xee,0xdd,0x25,0x72,0x3c,0x7f,0x4a,0x6a,0x31,0x4b,
    0x9a,0x10,0xfd,0x00,0x04,0x32,0xe6,0x4d,0xd9,0x28,0x1c,0x9a,0x31,0x32,0x4d,0x65,
    0x31,0x4b,0x5e,0x10,0xfe,0x00,0x06,0x63,0x57,0x5e,0x9a,0x4d,0x2e,0x4d,0x80,0x70,
    0xd1,0xc4,0xa5,0x72,0x4d,0x65,0x4d,0x6c,0x10,0xff,0x00,0x00,0x00,0x04,0x61,0x59,
    0x00,0x2a,0x65,0x4a,0xe5,0xa5,0x72,0x46,0xab,0x4b,0x9e,0x31,0x4b,0x29,0x00,0x00,
    0x32,0x4e,0x30,0x2f,0x00,0x00,0x2e,0x9a,0x38,0x2b,0x9a,0x38,0x2a,0x00,0x00,0x29,
    0x29,0xe3,0x26,0x00,0x01,0x05,0xf7,0x64,0x41,0x4f,0x45,0x52,0x23,0x00,0x00,0x22,
    0x00,0x00,0x00,0x02,0x1e,0x86,0xdd,0x25,0x72,0x3c,0xda,0x3c,0xcc,0x31,0x4b,0x1b,
    0x00,0x00,0x00,0x00,0x00,0x00,0x00,0x2e,0x4b,0x2e,0x1b,0x2d,0x3f,0x2c,0x75,0x2b,
    0xf9,0x2a,0xb7,0x2a,0xaf,0x2a,0xa9,0x2a,0x95,0x2a,0x7f,0x2a,0x69,0x2a,0x51,0x2a,
    0x3d,0x2a,0x23,0x00,0x00,0x2a,0x1d,0xff,0xff,0x00,0x01,0x29,0xfb,0x29,0xef,0x29,
    0xd9,0x00,0x0d,0x29,0xcb,0x00,0x06,0x29,0xbd,0x9e,0x1a,0x9d,0xf5,0x00,0x00,0x00,
    0x00,0x00,0x00,0x00,0x00,0x29,0xb1,0x00,0x00,0x00,0x00,0x29,0x9f,0x29,0x95,0x00,
    0x00,0x00,0x00,0x00,0x00,0x00,0x00,0x00,0x00,0x00,0x00,0x00,0x00,0x00,0x00,0x00,
    0x00,0x00,0x00,0x29,0x81,0x00,0x01,0x00,0x00,0x29,0x77,0x29,0x6b,0x29,0x5f,0x29,
    0x59,0x29,0x4f,0x29,0x43,0x00,0x08,0x00,0x07,0x00,0x01,0x00,0x00,0x00,0x00,0x00,
    0x00,0x00,0x00,0x00,0x00,0x00,0x00,0x29,0x37,0x29,0x2d,0x00,0x00,0x00,0x00,0x00,
    0x00,0x00,0x00,0x00,0x00,0x00,0x00,0x00,0x00,0x00,0x00,0x00,0x00,0x00,0x00,0x00,
    0x00,0x00,0x00,0x00,0x00,0x28,0xc9,0x28,0x65,0x28,0x01,0x27,0x9d,0x27,0x39,0x00,
    0x00,0x00,0x00,0x00,0x00,0x00,0x00,0x00,0x00,0x00,0x00,0x00,0x00,0x00,0x00,0x00,
    0x00,0x00,0x00,0x00,0x00,0x27,0x31,0x27,0x1d,0x27,0x09,0x00,0x00,0x00,0x00,0x00,
    0x00,0x00,0x00,0x00,0x00,0x00,0x00,0x00,0x00,0x00,0x00,0x26,0x41,0x25,0x51,0x00,
    0x00,0x00,0x00,0x00,0x00,0x00,0x00,0x00,0x00,0x00,0x00,0x00,0x00,0x00,0x00,0x00,
    0x00,0x00,0x00,0x00,0x00,0x00,0x00,0x00,0x00,0x00,0x00,0x00,0x00,0x00,0x00,0x00,
    0x00,0x00,0x00,0x00,0x00,0x00,0xb4,0x00,0xb4,0x23,0xe9,0x00,0x64,0x00,0x64,0x23,
    0xd1,0x23,0xc7,0x23,0xb9,0x23,0xad,0x00,0x00,0x00,0x00,0x00,0x00,0x00,0x00,0x00,
    0x00,0x00,0x00,0x00,0x00,0x00,0x00,0x00,0x00,0x00,0x00,0x00,0x00,0x00,0x00,0x01,
    0x5e,0x00,0x13,0x27,0x10,0x3a,0xdb,0x38,0x93,0x39,0xb7,0x2e,0x53,0x00,0x05,0x00,
    0xb4,0x00,0x51,0x00,0x4f,0x00,0x50,0x00,0xb4,0x00,0x06,0x00,0x4e,0x00,0x4d,0x00,
    0x4c,0x00,0x4b,0x00,0x4a,0x00,0x4e,0x00,0x04,0x00,0xc1,0x00,0xcb,0x00,0xc9,0x00,
    0xcb,0x00,0x0b,0x00,0xb4,0x00,0x51,0x00,0x4f,0x00,0x50,0x00,0x4e,0x00,0x4d,0x00,
    0x4c,0x00,0x4b,0x00,0x4a,0x00,0x8f,0x00,0x19,0x00,0x00,0x00,0x00,0x00,0x00,0x00,
    0x00,0x00,0x00,0x00,0x00,0x00,0x00,0x00,0x00,0x00,0x00,0x00,0x00,0x00,0x00,0x00,
    0x00,0x00,0x00,0x00,0x00,0x00,0x00,0x00,0x00,0x00,0x00,0x00,0x00,0x00,0x00,0x00,
    0x00,0x00,0x00,0x00,0x00,0x00,0x00,0x00,0x00,0x00,0x00,0x00,0x00,0x00,0x00,0x00,
    0x00,0x00,0x00,0x00,0x00,0x00,0x00,0x00,0x00,0x00,0x00,0x00,0x00,0x00,0x00,0x00,
    0x00,0x00,0x00,0x00,0x00,0x00,0x00,0x00,0x00,0x00,0x00,0x00,0x00,0x00,0x00,0x00,
    0x00,0x00,0x00,0x00,0x00,0x00,0x00,0x00,0x00,0x00,0x00,0x00,0x00,0x00,0x00,0x00,
    0x00,0x00,0x00,0x00,0x00,0x00,0x00,0x00,0x00,0x00,0x00,0x00,0x00,0x00,0x00,0x00,
    0x00,0x00,0x00,0x00,0x00,0x00,0x00,0x00,0x00,0x00,0x00,0x00,0x00,0x00,0x00,0x00,
    0x00,0x00,0x00,0x00,0x00,0x00,0x00,0x00,0x00,0x00,0x00,0x00,0x00,0x00,0x00,0x00,
    0x00,0x00,0x00,0x00,0x00,0x00,0x00,0x00,0x00,0x00,0x00,0x00,0x00,0x00,0x00,0x00,
    0x00,0x00,0x00,0x00,0x00,0x00,0x00,0x00,0x00,0x00,0x00,0x00,0x00,0x00,0x00,0x00,
    0x00,0x00,0x00,0x00,0x00,0x00,0x00,0x00,0x00,0x00,0x00,0x00,0x00,0x00,0x00,0x00,
    0x00,0x00,0x00,0x00,0x00,0x00,0x00,0x00,0x00,0x00,0x00,0x00,0x00,0x00,0x00,0x00,
    0x00,0x00,0x00,0x00,0x00,0x00,0x00,0x00,0x00,0x00,0x00,0x00,0x00,0x00,0x00,0x00,
    0x00,0x00,0x00,0x00,0x00,0x00,0x00,0x00,0x00,0x00,0x00,0x00,0x00,0x00,0x00,0x00,
    0x00,0x00,0x00,0x00,0x00,0x00,0x00,0x00,0x00,0x00,0x00,0x00,0x00,0x00,0x00,0x00,
    0x00,0x00,0x00,0x00,0x00,0x00,0x00,0x00,0x00,0x00,0x00,0x00,0x00,0x00,0x00,0x00,
    0x00,0x00,0x00,0x00,0x00,0x00,0x00,0x00,0x00,0x00,0x00,0x00,0x00,0x00,0x00,0x00,
    0x00,0x00,0x00,0x00,0x00,0x00,0x00,0x00,0x00,0x00,0x00,0x00,0x00,0x00,0x00,0x00,
    0x00,0x00,0x00,0x00,0x00,0x00,0x00,0x00,0x00,0x00,0x00,0x00,0x00,0x00,0x00,0x00,
    0x00,0x00,0x00,0x00,0x00,0x00,0x00,0x00,0x00,0x00,0x00,0x00,0x00,0x00,0x00,0x00,
    0x00,0x00,0x00,0x00,0x00,0x00,0x00,0x00,0x00,0x00,0x00,0x00,0x00,0x00,0x00,0x00,
    0x00,0x78,0x00,0x00,0x00,0x00,0x00,0x00,0x00,0x00,0x00,0x00,0x00,0x00,0x00,0x00,
    0x00,0x00,0x00,0x00,0x00,0x00,0x00,0x00,0x00,0x00,0x00,0x00,0x00,0x00,0x00,0x00,
    0x00,0x00,0x00,0x00,0x00,0x00,0x00,0x00,0x00,0x00,0x00,0x00,0x00,0x00,0x00,0x00,
    0x00,0x00,0x00,0x00,0x00,0x00,0x00,0x00,0x00,0x00,0x00,0x00,0x00,0x00,0x00,0x00,
    0x00,0x00,0x00,0x00,0x00,0x00,0x00,0x00,0x00,0x00,0x00,0x00,0x00,0x00,0x00,0x00,
    0x00,0x00,0x00,0x00,0x00,0x00,0x00,0x00,0x00,0x00,0x00,0x00,0x00,0x00,0x00,0x00,
    0x00,0x00,0x00,0x00,0x00,0x00,0x00,0x00,0x00,0x00,0x00,0x00,0x00,0x00,0x00,0x00,
    0x00,0x00,0x00,0x00,0x00,0x00,0x00,0x00,0x00,0x00,0x00,0x00,0x00,0x00,0x00,0x00,
    0x00,0x00,0x00,0x00,0x00,0x00,0x00,0x00,0x00,0x00,0x00,0x00,0x00,0x00,0x00,0x00,
    0x00,0x00,0x00,0x00,0x00,0x00,0x00,0x00,0x00,0x00,0x00,0x00,0x00,0x00,0x00,0x00,
    0x00,0x00,0x00,0x00,0x00,0x00,0x00,0x00,0x00,0x00,0x00,0x00,0x00,0x00,0x00,0x00,
    0x00,0x00,0x00,0x00,0x00,0x00,0x00,0x00,0x00,0x00,0x00,0x00,0x00,0x00,0x00,0x00,
    0x00,0x00,0x00,0x00,0x00,0x00,0x00,0x00,0x00,0x00,0x00,0x00,0x00,0x00,0x00,0x00,
    0x00,0x00,0x00,0x00,0x00,0x00,0x00,0x00,0x00,0x00,0x00,0x00,0x00,0x00,0x00,0x00,
    0x00,0x00,0x00,0x00,0x00,0x00,0x00,0x00,0x00,0x00,0x00,0x00,0x00,0x00,0x00,0x00,
    0x00,0x64,0x00,0x00,0x00,0x00,0x00,0x00,0x00,0x00,0x00,0x00,0x00,0x00,0x00,0x00,
    0x00,0x00,0x00,0x00,0x00,0x00,0x00,0x00,0x00,0x00,0x00,0x00,0x00,0x00,0x00,0x00,
    0x00,0x00,0x00,0x00,0x00,0x00,0x00,0x00,0x00,0x00,0x00,0x00,0x00,0x00,0x00,0x00,
    0x00,0x00,0x00,0x00,0x00,0x00,0x00,0x00,0x00,0x00,0x00,0x00,0x00,0x00,0x00,0x00,
    0x00,0x00,0x00,0x00,0x00,0x00,0x00,0x00,0x00,0x00,0x00,0x00,0x00,0x00,0x00,0x00,
    0x00,0x00,0x00,0x00,0x00,0x00,0x00,0x00,0x00,0x00,0x00,0x00,0x00,0x00,0x00,0x00,
    0x00,0x00,0x00,0x00,0x00,0x00,0x00,0x00,0x00,0x00,0x00,0x00,0x00,0x00,0x00,0x00,
    0x00,0x00,0x00,0x00,0x00,0x00,0x00,0x00,0x00,0x00,0x00,0x00,0x00,0x00,0x00,0x00,
    0x00,0x00,0x00,0x00,0x00,0x00,0x00,0x00,0x00,0x00,0x00,0x00,0x00,0x00,0x00,0x00,
    0x00,0x00,0x00,0x00,0x00,0x00,0x00,0x00,0x00,0x00,0x00,0x00,0x00,0x00,0x00,0x00,
    0x00,0x00,0x00,0x00,0x00,0x00,0x00,0x00,0x00,0x00,0x00,0x00,0x00,0x00,0x00,0x00,
    0x00,0x00,0x00,0x00,0x00,0x00,0x00,0x00,0x00,0x00,0x00,0x00,0x00,0x00,0x00,0x00,
    0x00,0x00,0x00,0x00,0x00,0x00,0x00,0x00,0x00,0x00,0x00,0x00,0x00,0x00,0x00,0x00,
    0x00,0x00,0x00,0x00,0x00,0x00,0x00,0x00,0x00,0x00,0x00,0x00,0x00,0x00,0x00,0x00,
    0x00,0x00,0x00,0x00,0x00,0x00,0x00,0x00,0x00,0x00,0x00,0x00,0x00,0x00,0x00,0x00,
    0x00,0x00,0x00,0x00,0x00,0x00,0x00,0x00,0x00,0x00,0x00,0x00,0x00,0x00,0x00,0x00,
    0x00,0x00,0x00,0x00,0x00,0x00,0x00,0x00,0x00,0x00,0x00,0x00,0x00,0x00,0x00,0x00,
    0x00,0x00,0x00,0x00,0x00,0x00,0x00,0x00,0x00,0x00,0x00,0x00,0x00,0x00,0x00,0x00,
    0x00,0x00,0x00,0x00,0x00,0x00,0x00,0x00,0x00,0x00,0x00,0x00,0x00,0x00,0x00,0x00,
    0x00,0x00,0x00,0x00,0x00,0x00,0x00,0x00,0x00,0x00,0x00,0x00,0x00,0x00,0x00,0x00,
    0x00,0x00,0x00,0x00,0x00,0x00,0x00,0x00,0x00,0x00,0x00,0x00,0x00,0x00,0x00,0x00,
    0x00,0x00,0x00,0x00,0x00,0x00,0x00,0x00,0x00,0x00,0x00,0x00,0x00,0x00,0x00,0x00,
    0x00,0x00,0x00,0x00,0x00,0x00,0x00,0x00,0x00,0x00,0x00,0x00,0x00,0x00,0x00,0x00,
    0x00,0x00,0x00,0x00,0x00,0x00,0x00,0x00,0x00,0x00,0x00,0x00,0x00,0x00,0x00,0x00,
    0x00,0x00,0x00,0x00,0x00,0x00,0x00,0x00,0x00,0x00,0x00,0x00,0x00,0x00,0x00,0x00,
    0x00,0x00,0x00,0x00,0x00,0x00,0x00,0x00,0x00,0x00,0x00,0x00,0x00,0x00,0x00,0x00,
    0x00,0x00,0x00,0x00,0x00,0x00,0x00,0x00,0x00,0x00,0x00,0x00,0x00,0x00,0x00,0x00,
    0x00,0x00,0x00,0x00,0x00,0x00,0x00,0x00,0x00,0x00,0x00,0x00,0x00,0x00,0x00,0x00,
    0x00,0x00,0x00,0x00,0x00,0x00,0x00,0x00,0x00,0x00,0x00,0x00,0x00,0x00,0x00,0x00,
    0x00,0x00,0x00,0x00,0x00,0x00,0x00,0x00,0x00,0x00,0x00,0x00,0x00,0x00,0x00,0x00,
    0x00,0x00,0x00,0x00,0x00,0x00,0x00,0x00,0x00,0x00,0x00,0x00,0x00,0x00,0x00,0x00,
    0x00,0x00,0x00,0x00,0x00,0x00,0x00,0x00,0x00,0x00,0x00,0x00,0x00,0x00,0x00,0x00,
    0x00,0x00,0x00,0x00,0x00,0x00,0x00,0x00,0x00,0x00,0x00,0x00,0x00,0x00,0x00,0x00,
    0x00,0x00,0x00,0x00,0x00,0x00,0x00,0x00,0x00,0x00,0x00,0x00,0x00,0x00,0x00,0x00,
    0x00,0x00,0x00,0x00,0x00,0x00,0x00,0x00,0x00,0x00,0x00,0x00,0x00,0x00,0x00,0x00,
    0x00,0x00,0x00,0x00,0x00,0x00,0x00,0x00,0x00,0x00,0x00,0x00,0x00,0x00,0x00,0x00,
    0x00,0x00,0x00,0x00,0x00,0x00,0x00,0x00,0x00,0x00,0x00,0x00,0x00,0x00,0x00,0x00,
    0x00,0x00,0x00,0x00,0x00,0x00,0x00,0x00,0x00,0x00,0x00,0x00,0x00,0x00,0x00,0x00,
    0x00,0x00,0x00,0x00,0x00,0x00,0x00,0x00,0x00,0x00,0x00,0x00,0x00,0x00,0x00,0x00,
    0x00,0x00,0x00,0x00,0x00,0x00,0x00,0x00,0x00,0x00,0x00,0x00,0x00,0x00,0x00,0x00,
    0x00,0x00,0x00,0x00,0x00,0x00,0x00,0x00,0x00,0x00,0x00,0x00,0x00,0x00,0x00,0x00,
    0x00,0x00,0x00,0x00,0x00,0x00,0x00,0x00,0x00,0x00,0x00,0x00,0x00,0x00,0x00,0x00,
    0x00,0x00,0x00,0x00,0x00,0x00,0x00,0x00,0x00,0x00,0x00,0x00,0x00,0x00,0x00,0x00,
    0x00,0x00,0x00,0x00,0x00,0x00,0x00,0x00,0x00,0x00,0x00,0x00,0x00,0x00,0x00,0x00,
    0x00,0x00,0x00,0x00,0x00,0x00,0x00,0x00,0x00,0x00,0x00,0x00,0x00,0x00,0x00,0x00,
    0x00,0x00,0x00,0x00,0x00,0x00,0x00,0x00,0x00,0x00,0x00,0x00,0x00,0x00,0x00,0x00,
    0x00,0x00,0x00,0x00,0x00,0x00,0x00,0x00,0x00,0x00,0x00,0x00,0x00,0x00,0x04,0x00,
    0x00,0x9a,0x50,0x9a,0x5a,0x9a,0x69,0x00,0x05,0x00,0x00,0x9a,0x7e,0x9a,0x8c,0x9a,
    0x95,0x9a,0x9d,0x9b,0x02,0x9b,0x02,0x9b,0x03,0x9b,0x05,0x9b,0x07,0x9b,0x0a,0x00,
    0x04,0x00,0x00,0x9b,0x0e,0x9b,0x14,0x9b,0x1d,0x00,0x02,0x00,0x00,0x9b,0x28,0x00,
    0x05,0x00,0x00,0x9b,0x30,0x9b,0x33,0x9b,0x37,0x9b,0x45,0x00,0x05,0x00,0x00,0x9b,
    0x49,0x9b,0x50,0x9b,0x55,0x9b,0x5e,0x00,0x04,0x00,0x00,0x9b,0x64,0x9b,0x69,0x9b,
    0x6f,0x00,0x09,0x00,0x00,0x00,0x13,0x00,0x12,0x00,0x11,0x00,0x10,0x00,0x15,0x00,
    0x14,0x00,0x17,0x00,0x18,0x00,0x04,0x00,0x00,0x00,0x27,0x00,0x6b,0x00,0x28,0x9d,
    0x07,0x9d,0x0c,0x9d,0x11,0x9d,0x16,0x9d,0x1b,0x9d,0x20,0x9d,0x25,0x9d,0x2a,0x9d,
    0x2e,0x9d,0x9c,0x9d,0xa5,0x9d,0xb0,0x9d,0xbc,0x9d,0xd5,0x9d,0xe4,0x00,0x64,0x9e,
    0x86,0x00,0x46,0x9e,0x8e,0x00,0x0f,0x9e,0x99,0x00,0x00,0x00,0x14,0x9e,0xa0,0x00,
    0x0a,0x9e,0xa6,0x00,0x05,0x9e,0xb0,0x00,0x00,0x00,0x0a,0x00,0x24,0x00,0x04,0x00,
    0x23,0x00,0x04,0x00,0x22,0x00,0x03,0x00,0x82,0x00,0x02,0x00,0x1f,0x00,0x01,0x00,
    0x05,0x00,0x24,0x00,0x23,0x00,0x22,0x00,0x82,0x00,0x1f,0x00,0x10,0x00,0x8c,0x00,
    0x24,0x00,0x21,0x00,0x22,0x00,0x20,0x00,0x82,0x00,0x1e,0x00,0x1f,0x00,0x78,0x00,
    0x82,0x00,0x32,0x00,0x64,0x00,0xac,0x00,0x64,0x00,0x31,0x00,0x30,0x9f,0x7d,0x9f,
    0x87,0x9f,0x94,0x00,0x01,0x00,0x01,0x00,0x01,0x00,0x01,0x00,0x06,0x00,0x06,0x00,
    0x02,0x00,0x02,0x00,0x03,0x00,0x03,0x00,0x03,0x00,0x03,0x00,0x03,0x00,0x01,0x00,
    0x01,0x00,0x01,0x00,0x01,0x00,0x01,0x00,0x06,0x00,0x06,0x00,0x04,0x00,0x04,0x00,
    0x02,0x00,0x01,0x00,0x01,0x00,0x01,0x00,0x06,0x00,0x06,0x00,0x04,0x00,0x04,0x00,
    0x04,0x00,0x02,0x00,0x03,0x00,0x03,0x00,0x03,0x00,0x01,0x00,0x01,0x00,0x01,0x00,
    0x01,0x00,0x01,0x00,0x06,0x00,0x06,0x00,0x04,0x00,0x04,0x00,0x05,0x00,0x05,0x00,
    0x01,0x00,0x01,0x00,0x01,0x00,0x06,0x00,0x06,0x00,0x04,0x00,0x04,0x00,0x04,0x00,
    0x05,0x00,0x05,0x00,0x05,0x00,0x01,0x00,0x06,0x00,0x06,0x00,0x04,0x00,0x04,0x00,
    0x04,0x00,0x04,0x00,0x05,0x00,0x05,0x00,0x05,0x2a,0x23,0x00,0x00,0x00,0x00,0x2a,
    0x3d,0x2a,0x51,0x00,0x00,0x00,0x00,0x2a,0x69,0x00,0x00,0x2a,0x7f,0x00,0x00,0x2a,
    0x95,0x00,0x05,0x9f,0xd4,0x00,0x00,0x9f,0xd5,0x00,0x01,0x9f,0xd9,0x00,0x03,0x9f,
    0xdd,0x00,0x01,0x9f,0xe6,0x00,0x03,0x9f,0xea,0x00,0x01,0x9f,0xef,0x00,0x03,0x9f,
    0xf6,0x00,0x01,0x9f,0xfd,0x00,0x03,0xa0,0x01,0x00,0x01,0xa0,0x08,0x00,0x03,0xa0,
    0x0c,0x00,0x01,0xa0,0x18,0x00,0x06,0x2a,0xc1,0x2a,0xcd,0x2a,0xd5,0x2a,0xdd,0x2a,
    0xe5,0x2a,0xed,0x00,0x05,0x9f,0xd4,0x00,0x00,0xa0,0x1b,0x00,0x01,0xa0,0x24,0x00,
    0x03,0xa0,0x29,0x00,0x01,0xa0,0x2a,0x00,0x03,0xa0,0x35,0x00,0x01,0xa0,0x3d,0x00,
    0x05,0xa0,0x43,0x00,0x00,0xa0,0x47,0x00,0x01,0xa0,0x4a,0x00,0x03,0xa0,0x29,0x00,
    0x01,0xa0,0x3d,0x00,0x05,0x2b,0x03,0x2b,0x0f,0x2b,0x17,0x2b,0x1f,0x2b,0x2b,0x00,
    0x05,0xa0,0x4b,0x00,0x01,0xa0,0x50,0x00,0x00,0xa0,0x52,0x00,0x03,0xa0,0x58,0x00,
    0x01,0xa0,0x60,0x00,0x03,0xa0,0x29,0x00,0x01,0xa0,0x6a,0x00,0x03,0x2b,0x3f,0x2b,
    0x4b,0x2b,0x53,0x00,0x03,0xa0,0x29,0x00,0x01,0xa0,0x79,0x00,0x05,0x9f,0xd4,0x00,
    0x00,0xa0,0x8a,0x00,0x01,0xa0,0x8d,0x00,0x01,0xa0,0x98,0x00,0x03,0xa0,0xa8,0x00,
    0x01,0xa0,0xb6,0x00,0x04,0x2b,0x63,0x2b,0x6b,0x2b,0x77,0x2b,0x7b,0x00,0x03,0xa0,
    0x29,0x00,0x01,0xa0,0xb9,0x00,0x03,0xa0,0xc4,0x00,0x01,0xa0,0xce,0x00,0x01,0xa0,
    0xd8,0x00,0x01,0xa0,0xee,0x00,0x04,0x2b,0x8d,0x2b,0x95,0x2b,0x9d,0x2b,0xa1,0x00,
    0x03,0xa0,0x29,0x00,0x01,0xa0,0xfe,0x00,0x03,0xa0,0x29,0x00,0x01,0xa1,0x09,0x00,
    0x03,0xa1,0x18,0x00,0x01,0xa1,0x1f,0x00,0x03,0xa0,0x29,0x00,0x01,0xa1,0x25,0x00,
    0x03,0xa1,0x2f,0x00,0x01,0xa1,0x1f,0x00,0x05,0x2b,0xaf,0x2b,0xb7,0x2b,0xbf,0x2b,
    0xc7,0x2b,0xcf,0x00,0x03,0xa0,0x29,0x00,0x01,0xa1,0x38,0x00,0x03,0xa0,0x29,0x00,
    0x01,0xa1,0x4a,0x00,0x02,0x2b,0xe3,0x2b,0xeb,0x2a,0xf5,0x2b,0x33,0x2b,0x5b,0x2b,
    0x83,0x2b,0xa5,0x2b,0xd7,0x2b,0xf3,0x00,0x01,0xa1,0x59,0x00,0x01,0xa1,0x67,0x00,
    0x02,0x2c,0x07,0x2c,0x0b,0x00,0x01,0xa1,0x72,0x00,0x01,0x2c,0x15,0x00,0x01,0xa1,
    0x81,0x00,0x01,0x2c,0x1d,0x00,0x01,0xa1,0x8e,0x00,0x01,0xa1,0x9d,0x00,0x02,0x2c,
    0x25,0x2c,0x29,0x00,0x01,0xa1,0xaa,0x00,0x01,0xa1,0xc0,0x00,0x02,0x2c,0x33,0x2c,
    0x37,0x00,0x01,0xa1,0xcf,0x00,0x01,0xa1,0xdc,0x00,0x02,0x2c,0x41,0x2c,0x45,0x00,
    0x03,0xa1,0xf1,0x00,0x00,0xa1,0xf5,0x00,0x03,0xa2,0x03,0x00,0x00,0xa2,0x14,0x00,
    0x02,0x2c,0x4f,0x2c,0x57,0x00,0x01,0xa2,0x17,0x00,0x01,0x2c,0x65,0x00,0x01,0xa2,
    0x2a,0x00,0x01,0x2c,0x6d,0x2c,0x0f,0x2c,0x19,0x2c,0x21,0x2c,0x2d,0x2c,0x3b,0x2c,
    0x49,0x2c,0x5f,0x2c,0x69,0x2c,0x71,0x00,0x01,0xa2,0x3e,0x00,0x01,0xa2,0x48,0x00,
    0x01,0xa2,0x52,0x00,0x01,0xa2,0x5e,0x00,0x04,0x2c,0x87,0x2c,0x8b,0x2c,0x8f,0x2c,
    0x93,0x00,0x01,0xa2,0x6e,0x00,0x01,0x2c,0xa1,0x00,0x01,0xa2,0x83,0x00,0x01,0xa2,
    0x8c,0x00,0x01,0xa2,0x9b,0x00,0x03,0x2c,0xa9,0x2c,0xad,0x2c,0xb1,0x00,0x01,0xa2,
    0xa3,0x00,0x01,0xa2,0xaf,0x00,0x01,0xa2,0xbd,0x00,0x01,0xa2,0xce,0x00,0x04,0x2c,
    0xbd,0x2c,0xc1,0x2c,0xc5,0x2c,0xc9,0x00,0x03,0xa2,0xde,0x00,0x00,0xa2,0xea,0x00,
    0x01,0xa2,0xec,0x00,0x01,0xa2,0xfb,0x00,0x03,0x2c,0xd7,0x2c,0xdf,0x2c,0xe3,0x00,
    0x01,0xa3,0x09,0x00,0x01,0xa3,0x1c,0x00,0x01,0xa3,0x33,0x00,0x01,0xa3,0x42,0x00,
    0x04,0x2c,0xef,0x2c,0xf3,0x2c,0xf7,0x2c,0xfb,0x00,0x03,0xa3,0x4e,0x00,0x00,0xa3,
    0x53,0x00,0x03,0xa3,0x59,0x00,0x00,0xa3,0x68,0x00,0x03,0xa3,0x6b,0x00,0x00,0xa3,
    0x6f,0x00,0x03,0x2d,0x09,0x2d,0x11,0x2d,0x19,0x00,0x01,0xa3,0x7a,0x00,0x01,0xa3,
    0x85,0x00,0x02,0x2d,0x29,0x2d,0x2d,0x00,0x01,0xa3,0xa0,0x00,0x01,0x2d,0x37,0x2c,
    0x97,0x2c,0xa5,0x2c,0xb5,0x2c,0xcd,0x2c,0xe7,0x2c,0xff,0x2d,0x21,0x2d,0x31,0x2d,
    0x3b,0x00,0x01,0xa3,0xae,0x00,0x01,0xa3,0xbd,0x00,0x01,0xa3,0xc7,0x00,0x01,0xa3,
    0xdb,0x00,0x04,0x2d,0x51,0x2d,0x55,0x2d,0x59,0x2d,0x5d,0x00,0x01,0xa3,0xeb,0x00,
    0x01,0xa4,0x04,0x00,0x02,0x2d,0x6b,0x2d,0x6f,0x00,0x01,0xa4,0x09,0x00,0x01,0xa4,
    0x1a,0x00,0x01,0xa4,0x2e,0x00,0x03,0x2d,0x79,0x2d,0x7d,0x2d,0x81,0x00,0x01,0xa4,
    0x48,0x00,0x01,0xa4,0x5e,0x00,0x01,0xa4,0x6e,0x00,0x01,0xa4,0x84,0x00,0x04,0x2d,
    0x8d,0x2d,0x91,0x2d,0x95,0x2d,0x99,0x00,0x01,0xa4,0x9a,0x00,0x01,0xa4,0xad,0x00,
    0x01,0xa4,0xb9,0x00,0x01,0xa4,0xcd,0x00,0x04,0x2d,0xa7,0x2d,0xab,0x2d,0xaf,0x2d,
    0xb3,0x00,0x01,0xa4,0xe2,0x00,0x01,0xa4,0xf5,0x00,0x01,0xa5,0x0a,0x00,0x03,0x2d,
    0xc1,0x2d,0xc5,0x2d,0xc9,0x00,0x05,0xa5,0x18,0x00,0x00,0xa5,0x26,0x00,0x00,0xa5,
    0x30,0x00,0x03,0xa5,0x35,0x00,0x00,0xa5,0x3c,0x00,0x03,0xa5,0x48,0x00,0x00,0xa5,
    0x51,0x00,0x03,0x2d,0xd5,0x2d,0xe1,0x2d,0xe9,0x00,0x01,0xa5,0x58,0x00,0x01,0xa5,
    0x78,0x00,0x01,0xa5,0x87,0x00,0x03,0x2d,0xf9,0x2d,0xfd,0x2e,0x01,0x00,0x01,0xa5,
    0x95,0x00,0x01,0xa5,0xac,0x00,0x02,0x2e,0x0d,0x2e,0x11,0x2d,0x61,0x2d,0x73,0x2d,
    0x85,0x2d,0x9d,0x2d,0xb7,0x2d,0xcd,0x2d,0xf1,0x2e,0x05,0x2e,0x15,0x00,0xd9,0x00,
    0x6e,0x00,0x01,0x00,0x00,0x2d,0x3f,0x00,0x72,0x00,0xa9,0x00,0x01,0x00,0x00,0x2e,
    0x1b,0x00,0xba,0x00,0x00,0x00,0x00,0x00,0x00,0x2c,0x75,0x00,0x03,0x2e,0x2d,0x2e,
    0x37,0x2e,0x41,0x2f,0x5f,0x2f,0x69,0x2f,0x73,0x2f,0x7d,0x2f,0x8f,0x2f,0x99,0x2f,
    0xa3,0x2f,0xb5,0x30,0x07,0x30,0x19,0x30,0x23,0x30,0x35,0x30,0x3f,0x30,0x71,0x30,
    0x7b,0x30,0x8d,0x30,0xc7,0x30,0xd1,0x31,0x13,0x31,0x25,0x31,0x37,0x31,0x49,0x31,
    0x53,0x31,0x65,0x31,0x77,0x31,0x89,0x31,0x93,0x31,0x9d,0x31,0xb7,0x31,0xc1,0x31,
    0xcb,0x31,0xd5,0x31,0xef,0x31,0xf9,0x32,0x03,0x32,0x15,0x32,0x27,0x32,0x31,0x32,
    0x53,0x32,0x5d,0x32,0x6f,0x32,0xa9,0x32,0xdb,0x32,0xed,0x33,0x07,0x33,0x11,0x33,
    0x33,0x33,0x3d,0x33,0x47,0x33,0x51,0x33,0x5b,0x33,0x65,0x33,0x7f,0x33,0x99,0x33,
    0xa3,0x33,0xad,0x33,0xbf,0x33,0xd9,0x33,0xe3,0x33,0xed,0x33,0xf7,0x34,0x01,0x34,
    0x63,0x34,0x6d,0x34,0x7f,0x34,0x91,0x34,0xa3,0x34,0xad,0x34,0xb7,0x34,0xd1,0x34,
    0xdb,0x34,0xed,0x34,0xf7,0x35,0x01,0x35,0x33,0x35,0x45,0x35,0x4f,0x35,0x59,0x35,
    0x6b,0x35,0x75,0x35,0x87,0x35,0x99,0x35,0xa3,0x35,0xb5,0x35,0xbf,0x35,0xd1,0x35,
    0xdb,0x35,0xf5,0x36,0x0f,0x36,0x21,0x36,0x33,0x36,0x3d,0x36,0x47,0x36,0x51,0x36,
    0x73,0x36,0x85,0x36,0x8f,0x36,0x99,0x36,0xab,0x36,0xc5,0x36,0xcf,0x36,0xe1,0x36,
    0xeb,0x36,0xf5,0x36,0xff,0x37,0x09,0x37,0x13,0x37,0x55,0x37,0x5f,0x37,0x71,0x37,
    0x7b,0x37,0x8d,0x37,0x97,0x37,0xb9,0x37,0xc3,0x37,0xcd,0x37,0xd7,0x37,0xe1,0x37,
    0xf3,0x37,0xfd,0x38,0x07,0x38,0x11,0x38,0x1b,0x38,0x25,0x38,0x2f,0x38,0x39,0x38,
    0x43,0x38,0x4d,0x38,0x57,0x38,0x61,0x38,0x6b,0x38,0x75,0x38,0x7f,0x38,0x89,0x01,
    0x00,0x00,0x00,0x00,0x00,0x00,0x00,0x91,0x00,0x01,0x00,0x00,0x00,0x00,0x00,0x00,
    0x00,0x90,0x00,0x01,0x00,0x00,0x00,0x00,0x00,0x00,0x00,0x8f,0x00,0x02,0x01,0xfc,
    0x00,0x00,0x00,0x00,0x00,0x8e,0x01,0x00,0x00,0x00,0x00,0x00,0x00,0x8e,0x00,0x01,
    0x00,0x00,0x00,0x00,0x00,0x00,0x00,0x8d,0x00,0x01,0x01,0x00,0x00,0x00,0x00,0x00,
    0x00,0x67,0x00,0x02,0x02,0x00,0xf3,0x00,0x00,0xca,0x00,0x8c,0x01,0x00,0x00,0x00,
    0x00,0xca,0x00,0x8c,0x00,0x0a,0x01,0xfa,0x00,0x18,0x00,0x30,0x00,0x1f,0x01,0xfc,
    0x00,0x18,0x00,0x30,0x00,0x1e,0x01,0xf1,0x00,0x00,0x00,0x00,0x00,0x8b,0x01,0xff,
    0x00,0x00,0x00,0x00,0x00,0x8a,0x01,0xf6,0x00,0x00,0x00,0x00,0x00,0x45,0x01,0xf9,
    0x00,0x00,0x00,0x00,0x00,0x22,0x01,0xfe,0x00,0x00,0x00,0x00,0x00,0x22,0x01,0xfb,
    0x00,0x00,0x00,0x00,0x00,0x22,0x01,0xf7,0x00,0x00,0x00,0x00,0x00,0x89,0x01,0x00,
    0x00,0x00,0x00,0x00,0x00,0x89,0x00,0x02,0x01,0xfc,0x00,0x1e,0x00,0x30,0x00,0x88,
    0x01,0x00,0x00,0x1e,0x00,0x30,0x00,0x88,0x00,0x01,0x00,0x00,0x00,0x00,0x00,0x00,
    0x00,0x87,0x00,0x02,0x02,0x00,0xf8,0x00,0x00,0xf0,0x00,0x86,0x01,0x00,0x00,0x00,
    0x00,0xf0,0x00,0x86,0x00,0x01,0x02,0x00,0xfe,0x00,0x1c,0x30,0xf8,0x85,0x00,0x06,
    0x02,0x00,0xf2,0x0f,0x00,0x00,0x00,0x59,0x02,0x00,0xff,0x0f,0x00,0x00,0x00,0x59,
    0x01,0xf4,0x00,0x14,0x00,0xfa,0x00,0x16,0x02,0xf9,0xfe,0x00,0x00,0x00,0x02,0x0e,
    0x01,0xf9,0x00,0x1f,0x00,0xf0,0x00,0x0e,0x02,0x00,0xfe,0x0f,0x1c,0xf0,0xf2,0x59,
    0x00,0x01,0x00,0x00,0x00,0x00,0x00,0x00,0x00,0x84,0x00,0x02,0x02,0xfc,0xfe,0x1e,
    0x1c,0x30,0xf2,0x83,0x02,0x00,0xff,0x00,0x00,0x00,0x00,0x82,0x00,0x07,0x02,0x00,
    0xf6,0x00,0x00,0xc2,0x00,0x81,0x02,0x00,0xf4,0x00,0x00,0xc2,0x00,0x81,0x02,0x00,
    0xf9,0x00,0x00,0xc2,0x00,0x32,0x02,0x00,0xfb,0x00,0x00,0xc2,0x00,0x12,0x02,0x00,
    0x00,0x00,0x00,0x00,0x00,0x80,0x02,0x00,0xfe,0x00,0x1e,0xc2,0x30,0x7f,0x02,0x00,
    0xf3,0x00,0x1e,0xc2,0x30,0x7f,0x00,0x01,0x01,0x00,0x00,0x1e,0x00,0x20,0x00,0x6f,
    0x00,0x08,0x02,0x00,0xf8,0x11,0x00,0x64,0x00,0x5d,0x02,0x00,0xf4,0x11,0x00,0x64,
    0x00,0x5d,0x02,0x00,0xfd,0x11,0x00,0x64,0x00,0x5d,0x01,0xfc,0x00,0x12,0x00,0x00,
    0x00,0x7a,0x01,0xf9,0x00,0x1b,0x00,0x30,0x00,0x21,0x01,0xfd,0x00,0x1b,0x00,0x30,
    0x00,0x2d,0x01,0xfb,0x00,0x1b,0x00,0x30,0x00,0x19,0x01,0x00,0x00,0x11,0x00,0x34,
    0x00,0x5d,0x00,0x02,0x02,0x00,0xf3,0x1d,0x1e,0xc2,0x30,0x7e,0x01,0x00,0x00,0x1d,
    0x00,0xc2,0x00,0x7e,0x00,0x02,0x01,0xfb,0x00,0x00,0x00,0x00,0x00,0x7d,0x00,0x00,
    0x00,0x00,0x00,0x00,0x00,0x7d,0x00,0x02,0x01,0x00,0x00,0x00,0x00,0xf0,0x00,0x7c,
    0x02,0x00,0xfe,0x1e,0x1d,0x30,0xf2,0x13,0x00,0x01,0x00,0x00,0x00,0x00,0x00,0x00,
    0x00,0x7b,0x00,0x02,0x01,0xfc,0x00,0x12,0x00,0x00,0x00,0x7a,0x00,0x00,0x00,0x00,
    0x00,0x00,0x00,0x7a,0x00,0x02,0x02,0x00,0xf9,0x00,0x00,0x00,0x00,0x12,0x01,0x00,
    0x00,0x00,0x00,0x00,0x00,0x79,0x00,0x02,0x02,0x00,0xfe,0x00,0x00,0x00,0x00,0x78,
    0x02,0x00,0xf9,0x00,0x00,0x00,0x00,0x77,0x00,0x01,0x01,0x00,0x00,0x00,0x00,0x00,
    0x00,0x76,0x00,0x01,0x01,0x00,0x00,0x00,0x00,0x00,0x00,0x75,0x00,0x03,0x02,0x00,
    0xff,0x00,0x00,0x30,0x00,0x64,0x02,0x00,0x00,0x00,0x00,0x30,0x00,0x64,0x02,0x00,
    0xf0,0x00,0x00,0x00,0x00,0x66,0x00,0x01,0x00,0x00,0x00,0x00,0x00,0x00,0x00,0x74,
    0x00,0x01,0x01,0x00,0x00,0x00,0x00,0x02,0x00,0x73,0x00,0x01,0x01,0xf2,0x00,0x00,
    0x00,0x00,0x00,0x72,0x00,0x03,0x01,0xf2,0x00,0x00,0x00,0x00,0x00,0x3c,0x01,0xfb,
    0x00,0x00,0x00,0x00,0x00,0x71,0x01,0x00,0x00,0x00,0x00,0x00,0x00,0x71,0x00,0x01,
    0x00,0x00,0x00,0x00,0x00,0x00,0x00,0x70,0x00,0x01,0x01,0xff,0x00,0x1e,0x00,0x20,
    0x00,0x6f,0x00,0x02,0x02,0x00,0xfe,0x00,0x00,0x00,0x00,0x6e,0x01,0x00,0x00,0x00,
    0x00,0x00,0x00,0x6e,0x00,0x02,0x02,0x00,0xfe,0x00,0x00,0x08,0x00,0x6d,0x01,0x00,
    0x00,0x00,0x00,0x08,0x00,0x6d,0x00,0x01,0x00,0x00,0x00,0x00,0x00,0x00,0x00,0x6c,
    0x00,0x04,0x02,0x00,0x00,0x10,0x00,0xf8,0x00,0x6b,0x02,0x00,0xfe,0x10,0x00,0xf8,
    0x00,0x53,0x01,0xf8,0x00,0x10,0x00,0xf8,0x00,0x53,0x01,0x00,0x00,0x10,0x00,0xf8,
    0x00,0x53,0x00,0x01,0x01,0x00,0x00,0x1e,0x00,0x00,0x00,0x6a,0x00,0x02,0x01,0xfc,
    0x00,0x00,0x00,0x00,0x00,0x69,0x01,0x00,0x00,0x00,0x00,0x00,0x00,0x69,0x00,0x07,
    0x02,0x00,0xef,0x00,0x00,0x86,0x00,0x68,0x01,0xf9,0x00,0x00,0x00,0x74,0x00,0x67,
    0x01,0xfd,0x00,0x14,0x00,0xfa,0x00,0x16,0x02,0x00,0xf0,0x00,0x00,0x82,0x00,0x66,
    0x01,0xfa,0x00,0x00,0x00,0x84,0x00,0x31,0x02,0x00,0xf9,0x00,0x00,0x86,0x00,0x32,
    0x02,0x00,0xfb,0x00,0x00,0x86,0x00,0x12,0x00,0x06,0x02,0x00,0xf0,0x00,0x00,0x00,
    0x00,0x66,0x02,0x00,0xfe,0x00,0x1c,0x00,0x00,0x59,0x01,0xf9,0x00,0x00,0x00,0x34,
    0x00,0x65,0x01,0x00,0x00,0x00,0x00,0x34,0x00,0x65,0x02,0x00,0xff,0x00,0x00,0x30,
    0x00,0x64,0x02,0x00,0x00,0x00,0x00,0x30,0x00,0x64,0x00,0x02,0x02,0xfc,0xfe,0x00,
    0x00,0x00,0x00,0x63,0x01,0xfc,0x00,0x00,0x00,0x00,0x00,0x63,0x00,0x03,0x01,0xfc,
    0x00,0x00,0x00,0x30,0x00,0x58,0x01,0xf9,0x00,0x00,0x00,0x30,0x00,0x58,0x01,0x00,
    0x00,0x00,0x00,0x30,0x00,0x58,0x00,0x01,0x00,0x00,0x00,0x00,0x00,0x00,0x00,0x62,
    0x00,0x04,0x02,0x00,0xf8,0x00,0x00,0xc0,0x00,0x31,0x02,0x00,0xf9,0x00,0x00,0xc0,
    0x00,0x61,0x02,0x00,0xfb,0x00,0x00,0xc0,0x00,0x31,0x01,0x00,0x00,0x00,0x00,0xc0,
    0x00,0x31,0x00,0x01,0x02,0x00,0xfe,0x1e,0x1d,0x30,0xc2,0x2a,0x00,0x01,0x02,0x00,
    0xfe,0x1e,0x1d,0x30,0xc2,0x2a,0x00,0x01,0x00,0x00,0x00,0x00,0x00,0x00,0x00,0x60,
    0x00,0x01,0x02,0x00,0xfe,0x00,0x00,0x00,0x00,0x5f,0x00,0x01,0x01,0x00,0x00,0x00,
    0x00,0x00,0x00,0x5e,0x00,0x03,0x01,0xfc,0x00,0x11,0x00,0x14,0x00,0x5d,0x02,0x00,
    0xfe,0x00,0x00,0x00,0x00,0x5c,0x01,0x00,0x00,0x00,0x00,0x00,0x00,0x5c,0x00,0x03,
    0x02,0x00,0xfe,0x17,0x1c,0xf0,0xf2,0x2b,0x01,0xfc,0x00,0x17,0x00,0xf0,0x00,0x2b,
    0x01,0x00,0x00,0x17,0x00,0xf0,0x00,0x2b,0x00,0x01,0x00,0x00,0x00,0x00,0x00,0x00,
    0x00,0x5b,0x00,0x01,0x00,0x00,0x00,0x00,0x00,0x00,0x00,0x5a,0x00,0x02,0x01,0x00,
    0x00,0x00,0x00,0x30,0x00,0x58,0x01,0xfc,0x00,0x00,0x00,0x30,0x00,0x58,0x00,0x03,
    0x02,0x00,0xfe,0x00,0x1c,0x00,0x00,0x59,0x02,0x00,0xfb,0x00,0x00,0x86,0x00,0x12,
    0x01,0x00,0x00,0x00,0x00,0x30,0x00,0x58,0x00,0x01,0x02,0x00,0xfe,0x00,0x19,0x00,
    0xf0,0x57,0x00,0x01,0x01,0x00,0x00,0x00,0x00,0x00,0x00,0x56,0x00,0x01,0x02,0x00,
    0xfe,0x00,0x00,0x00,0xc0,0x55,0x00,0x01,0x01,0x00,0x00,0x00,0x00,0x00,0x00,0x54,
    0x00,0x0c,0x01,0xf2,0x00,0x00,0x00,0x00,0x00,0x3c,0x02,0xf3,0xfe,0x00,0x00,0xf0,
    0x00,0x53,0x01,0xfb,0x00,0x00,0x00,0xf4,0x00,0x39,0x01,0xef,0x00,0x00,0x00,0x00,
    0x00,0x52,0x01,0xf0,0x00,0x00,0x00,0x00,0x00,0x51,0x01,0xfe,0x00,0x00,0x00,0xf4,
    0x00,0x39,0x01,0xf9,0x00,0x00,0x00,0x00,0x00,0x50,0x01,0xf3,0x00,0x00,0x00,0xf4,
    0x00,0x38,0x01,0xfa,0x00,0x12,0x00,0x00,0x00,0x4f,0x01,0xfc,0x00,0x12,0x00,0x00,
    0x00,0x4f,0x01,0xf1,0x00,0x12,0x00,0x00,0x00,0x4f,0x00,0x00,0x00,0x00,0x00,0x00,
    0x00,0x4f,0x00,0x01,0x02,0x00,0xfe,0x00,0x1c,0x30,0xf8,0x4e,0x00,0x02,0x01,0xf2,
    0x00,0x00,0x00,0x00,0x00,0x4d,0x01,0xff,0x00,0x00,0x00,0x00,0x00,0x4d,0x00,0x02,
    0x02,0x00,0xfe,0x1f,0x19,0xf0,0xca,0x1c,0x01,0x00,0x00,0x1f,0x00,0xfa,0x00,0x0e,
    0x00,0x02,0x01,0x00,0x00,0x00,0x00,0x00,0x00,0x31,0x00,0x00,0x00,0x00,0x00,0x00,
    0x00,0x4c,0x00,0x01,0x01,0xf9,0x00,0x00,0x00,0x82,0x00,0x4b,0x00,0x01,0x01,0x00,
    0x00,0x1b,0x00,0x00,0x00,0x4a,0x00,0x03,0x01,0xfa,0x00,0x1e,0x00,0x30,0x00,0x13,
    0x01,0xf9,0x00,0x00,0x00,0x00,0x00,0x49,0x01,0xf3,0x00,0x00,0x00,0x00,0x00,0x49,
    0x00,0x01,0x01,0x00,0x00,0x1e,0x00,0x30,0x00,0x48,0x00,0x02,0x02,0x00,0xfe,0x1e,
    0x1d,0x30,0xc2,0x13,0x01,0x00,0x00,0x1e,0x00,0x30,0x00,0x47,0x00,0x01,0x02,0x00,
    0xfe,0x1e,0x1d,0x30,0xc2,0x13,0x00,0x01,0x01,0x00,0x00,0x00,0x00,0x00,0x00,0x46,
    0x00,0x06,0x01,0xf4,0x00,0x00,0x00,0x00,0x00,0x45,0x01,0xf8,0x00,0x00,0x00,0x00,
    0x00,0x45,0x01,0xfb,0x00,0x00,0x00,0x00,0x00,0x45,0x01,0xf5,0x00,0x00,0x00,0x00,
    0x00,0x45,0x01,0xf6,0x00,0x00,0x00,0x00,0x00,0x45,0x00,0x00,0x00,0x00,0x00,0x00,
    0x00,0x45,0x00,0x02,0x02,0x00,0xf9,0x00,0x00,0x00,0x00,0x44,0x02,0x00,0xfb,0x00,
    0x00,0x00,0x00,0x44,0x00,0x01,0x02,0x00,0xfe,0x00,0x1c,0x00,0xf0,0x17,0x00,0x01,
    0x00,0x00,0x00,0x00,0x00,0x00,0x00,0x43,0x00,0x02,0x01,0x00,0x00,0x00,0x00,0x00,
    0x00,0x42,0x00,0x00,0x00,0x00,0x00,0x00,0x00,0x42,0x00,0x01,0x01,0x00,0x00,0x00,
    0x00,0x00,0x00,0x41,0x00,0x02,0x02,0x00,0x00,0x1e,0x00,0x10,0x86,0x40,0x02,0x00,
    0xff,0x00,0x1e,0x86,0x10,0x3f,0x00,0x02,0x02,0x00,0x00,0x1e,0x00,0x10,0x86,0x40,
    0x02,0x00,0xff,0x00,0x1e,0x86,0x10,0x3f,0x00,0x01,0x00,0x00,0x00,0x00,0x00,0x00,
    0x00,0x3e,0x00,0x02,0x01,0x00,0x00,0x00,0x00,0x00,0x00,0x3d,0x00,0x00,0x00,0x00,
    0x00,0x00,0x00,0x3d,0x00,0x01,0x01,0x00,0x00,0x00,0x00,0x00,0x00,0x3c,0x00,0x02,
    0x01,0x00,0x00,0x13,0x00,0xf0,0x00,0x3b,0x02,0x00,0xfe,0x13,0x00,0xf0,0x00,0x3b,
    0x00,0x01,0x01,0x00,0x00,0x14,0x00,0xfa,0x00,0x16,0x00,0x03,0x01,0xf7,0x00,0x1e,
    0x00,0x00,0x00,0x3a,0x01,0xfd,0x00,0x1e,0x00,0x00,0x00,0x3a,0x01,0x00,0x00,0x00,
    0x00,0x00,0x00,0x3a,0x00,0x03,0x01,0xf9,0x00,0x00,0x00,0xf4,0x00,0x39,0x01,0xfb,
    0x00,0x00,0x00,0xf4,0x00,0x39,0x01,0x00,0x00,0x00,0x00,0x04,0x00,0x38,0x00,0x02,
    0x01,0x00,0x00,0x00,0x00,0x00,0x00,0x37,0x00,0x00,0x00,0x00,0x00,0x00,0x00,0x37,
    0x00,0x02,0x01,0x00,0x00,0x00,0x00,0x00,0x00,0x22,0x00,0x00,0x00,0x00,0x00,0x00,
    0x00,0x36,0x00,0x01,0x01,0x00,0x00,0x00,0x00,0x30,0x00,0x35,0x00,0x01,0x00,0x00,
    0x00,0x00,0x00,0x00,0x00,0x34,0x00,0x01,0x01,0x00,0x00,0x15,0x00,0xf8,0x00,0x33,
    0x00,0x04,0x02,0x00,0xf9,0x00,0x00,0x86,0x00,0x32,0x02,0x00,0xfb,0x00,0x00,0x86,
    0x00,0x12,0x02,0x00,0xfa,0x00,0x00,0x86,0x00,0x12,0x01,0x00,0x00,0x00,0x00,0x86,
    0x00,0x31,0x00,0x02,0x01,0xf8,0x00,0x00,0x00,0xc0,0x00,0x30,0x01,0x00,0x00,0x16,
    0x00,0xf0,0x00,0x2f,0x00,0x01,0x01,0x00,0x00,0x00,0x00,0x00,0x00,0x2e,0x00,0x01,
    0x01,0x00,0x00,0x1b,0x00,0x30,0x00,0x2d,0x00,0x02,0x02,0x00,0xfe,0x00,0x1c,0x30,
    0xc2,0x2c,0x02,0xfb,0xfe,0x00,0x1c,0x30,0xc2,0x2c,0x00,0x03,0x01,0xfb,0x00,0x00,
    0x00,0xf0,0x00,0x2b,0x02,0xfa,0xfe,0x00,0x00,0xf0,0xc8,0x2a,0x02,0x00,0xfe,0x00,
    0x00,0xf0,0xc8,0x2a,0x00,0x01,0x01,0x00,0x00,0x00,0x00,0x00,0x00,0x29,0x00,0x02,
    0x01,0x00,0x00,0x1e,0x00,0x00,0x00,0x28,0x00,0x00,0x00,0x00,0x00,0x00,0x00,0x28,
    0x00,0x01,0x02,0x00,0xfe,0x00,0x1d,0x00,0xc0,0x27,0x00,0x01,0x01,0x00,0x00,0x00,
    0x00,0x00,0x00,0x26,0x00,0x01,0x01,0x00,0x00,0x00,0x00,0x00,0x00,0x25,0x00,0x01,
    0x01,0x00,0x00,0x1e,0x00,0x00,0x00,0x24,0x00,0x01,0x01,0x00,0x00,0x17,0x00,0xf0,
    0x00,0x23,0x00,0x08,0x01,0xfe,0x00,0x00,0x00,0x00,0x00,0x22,0x01,0xf9,0x00,0x1b,
    0x00,0x30,0x00,0x21,0x01,0xfb,0x00,0x1b,0x00,0x30,0x00,0x19,0x01,0x00,0x00,0x18,
    0x00,0x30,0x00,0x20,0x01,0xfa,0x00,0x18,0x00,0x30,0x00,0x1f,0x00,0x00,0x00,0x00,
    0x00,0x00,0x00,0x1f,0x01,0xfc,0x00,0x18,0x00,0x30,0x00,0x1e,0x00,0x00,0x00,0x00,
    0x00,0x00,0x00,0x1e,0x00,0x01,0x00,0x00,0x00,0x00,0x00,0x00,0x00,0x1d,0x00,0x02,
    0x02,0xfa,0xfe,0x1a,0x19,0xf0,0xf2,0x1c,0x02,0x00,0xfe,0x1a,0x19,0xf0,0xf2,0x1c,
    0x00,0x01,0x00,0x00,0x00,0x00,0x00,0x00,0x00,0x1b,0x00,0x02,0x02,0x00,0xfe,0x00,
    0x00,0xf0,0x00,0x1a,0x01,0x00,0x00,0x00,0x00,0xf0,0x00,0x1a,0x00,0x01,0x01,0x00,
    0x00,0x1b,0x00,0x30,0x00,0x19,0x00,0x04,0x01,0xfb,0x00,0x00,0x00,0x00,0x00,0x18,
    0x01,0xfc,0x00,0x00,0x00,0x00,0x00,0x15,0x02,0xfc,0xfe,0x00,0x1c,0x00,0xf0,0x17,
    0x01,0xfd,0x00,0x00,0x00,0x00,0x00,0x16,0x00,0x01,0x00,0x00,0x00,0x00,0x00,0x00,
    0x00,0x15,0x00,0x01,0x00,0x00,0x00,0x00,0x00,0x00,0x00,0x14,0x00,0x01,0x02,0x00,
    0xfe,0x1e,0x1d,0x30,0xc2,0x13,0x00,0x01,0x02,0x00,0xff,0x00,0x00,0x00,0x00,0x12,
    0x00,0x02,0x01,0x00,0x00,0x00,0x00,0x00,0x00,0x11,0x00,0x00,0x00,0x00,0x00,0x00,
    0x00,0x10,0x00,0x01,0x00,0x00,0x00,0x00,0x00,0x00,0x00,0x0f,0x00,0x01,0x01,0x00,
    0x00,0x1f,0x00,0xf0,0x00,0x0e,0x00,0x01,0x00,0x00,0x00,0x00,0x00,0x00,0x00,0x0d,
    0x00,0x01,0x00,0x00,0x00,0x00,0x00,0x00,0x00,0x0c,0x00,0x01,0x00,0x00,0x00,0x00,
    0x00,0x00,0x00,0x0b,0x00,0x01,0x00,0x00,0x00,0x00,0x00,0x00,0x00,0x0a,0x00,0x01,
    0x00,0x00,0x00,0x00,0x00,0x00,0x00,0x09,0x00,0x01,0x00,0x00,0x00,0x00,0x00,0x00,
    0x00,0x08,0x00,0x01,0x00,0x00,0x00,0x00,0x00,0x00,0x00,0x07,0x00,0x01,0x00,0x00,
    0x00,0x00,0x00,0x00,0x00,0x06,0x00,0x01,0x00,0x00,0x00,0x00,0x00,0x00,0x00,0x05,
    0x00,0x01,0x00,0x00,0x00,0x00,0x00,0x00,0x00,0x04,0x00,0x01,0x00,0x00,0x00,0x00,
    0x00,0x00,0x00,0x03,0x00,0x01,0x00,0x00,0x00,0x00,0x00,0x00,0x00,0x02,0x00,0x01,
    0x00,0x00,0x00,0x00,0x00,0x00,0x00,0x01,0x00,0x01,0x00,0x00,0x00,0x00,0x00,0x00,
    0x00,0x00,0x00,0x36,0xb5,0x36,0xc0,0x36,0xcb,0x82,0x02,0x36,0xd8,0x36,0xe6,0x37,
    0x07,0x37,0x29,0x37,0x34,0x82,0xc1,0x37,0x3c,0x37,0x56,0x37,0x70,0x37,0xdc,0x3e,
    0x42,0x38,0x04,0x38,0x5f,0x42,0x1e,0x41,0x45,0x38,0x6f,0x38,0xbd,0x38,0xd0,0x3e,
    0x1a,0x3d,0xdb,0x39,0x22,0x39,0x12,0x39,0x27,0x39,0x35,0x39,0x59,0x39,0x97,0x39,
    0xb7,0x39,0x9d,0x39,0xa2,0x39,0xa7,0x44,0x63,0x3a,0x11,0x3a,0x59,0x3a,0x6b,0x3a,
    0x82,0x3a,0xb1,0x3a,0x88,0x3b,0x0f,0x3f,0xe9,0x40,0x42,0x3b,0x15,0x3b,0x41,0x3b,
    0x67,0x3b,0x6e,0x3b,0x72,0x3b,0x80,0x41,0xb6,0x3b,0x89,0x3c,0x24,0x3c,0x57,0x3c,
    0x76,0x3c,0x94,0x3c,0x7a,0x3f,0x14,0x3c,0x98,0x3c,0xc2,0x3c,0xec,0x3d,0x47,0x3d,
    0x4b,0x3d,0x79,0x42,0x9f,0x3d,0x90,0x3d,0x95,0x3d,0xc4,0x3d,0xe3,0x3e,0x82,0x3d,
    0xfa,0x43,0x4a,0x3d,0xff,0x3e,0x09,0x3e,0x63,0x3e,0x7b,0x3e,0xed,0x3e,0xf1,0x3e,
    0xfb,0x3f,0x02,0x3f,0x5f,0x3f,0x6e,0x3f,0x0b,0x41,0xfd,0x3f,0x75,0x40,0x35,0x3f,
    0x7a,0x3f,0x7f,0x3f,0xa0,0x45,0x2a,0x3f,0xb6,0x3f,0xf4,0x40,0xb8,0x44,0x20,0x40,
    0xbe,0x40,0xc5,0x37,0xf8,0x40,0xcb,0x40,0xfe,0x41,0x14,0x41,0x34,0x41,0x2f,0x41,
    0xcf,0x46,0x0d,0x41,0xaa,0x41,0xd4,0x41,0xd8,0x42,0x0e,0x42,0x13,0x42,0x32,0x42,
    0x3d,0x44,0x34,0x42,0x42,0x42,0x80,0x42,0x87,0x42,0xa2,0x43,0x12,0x43,0x18,0x43,
    0x22,0x43,0x27,0x43,0x45,0x43,0x2b,0x43,0x65,0x43,0x78,0x43,0x81,0x43,0xa7,0x43,
    0xd0,0x44,0xb6,0x40,0x9b,0x44,0xe2,0x44,0xed,0x45,0x03,0x45,0x10,0x45,0x30,0x45,
    0x34,0x45,0x3f,0x38,0x30,0x45,0x52,0x45,0xf3,0x45,0xe6,0x46,0x08,0x46,0x1b,0x46,
    0x20,0x46,0x29,0x46,0x36,0x46,0x3e,0x00,0x00,0x00,0x00,0x00,0x00,0x00,0x00,0x00,
    0x00,0x00,0x00,0x00,0x00,0x00,0x00,0x00,0x00,0x00,0x00,0x00,0x00,0x00,0x00,0x00,
    0x00,0x00,0x00,0x00,0x00,0x00,0x00,0x00,0x00,0x00,0x00,0x41,0x3d,0x00,0x00,0x00,
    0x00,0x00,0x00,0x00,0x00,0x00,0x00,0x00,0x00,0x38,0xdd,0x00,0x00,0x00,0x00,0x39,
    0x4c,0x00,0x00,0x00,0x00,0x00,0x00,0x00,0x00,0x00,0x00,0x00,0x00,0x00,0x00,0x00,
    0x00,0x00,0x00,0x00,0x00,0x00,0x00,0x00,0x00,0x00,0x00,0x3f,0xc8,0x00,0x00,0x00,
    0x00,0x00,0x00,0x00,0x00,0x00,0x00,0x00,0x00,0x3b,0x78,0x41,0x3d,0x00,0x00,0x00,
    0x00,0x00,0x00,0x00,0x00,0x00,0x00,0x00,0x00,0x00,0x00,0x00,0x00,0x3c,0xa2,0x00,
    0x00,0x00,0x00,0x00,0x00,0x3d,0x62,0x42,0x9a,0x00,0x00,0x00,0x00,0x00,0x00,0x00,
    0x00,0x00,0x00,0x00,0x00,0x00,0x00,0x00,0x00,0x00,0x00,0x00,0x00,0x00,0x00,0x00,
    0x00,0x00,0x00,0x00,0x00,0x00,0x00,0x00,0x00,0x00,0x00,0x00,0x00,0x41,0xe4,0x00,
    0x00,0x00,0x00,0x00,0x00,0x00,0x00,0x3f,0x8c,0x45,0x22,0x00,0x00,0x00,0x00,0x00,
    0x00,0x43,0xda,0x00,0x00,0x00,0x00,0x00,0x00,0x00,0x00,0x00,0x00,0x00,0x00,0x00,
    0x00,0x00,0x00,0x00,0x00,0x00,0x00,0x00,0x00,0x00,0x00,0x00,0x00,0x00,0x00,0x00,
    0x00,0x00,0x00,0x00,0x00,0x00,0x00,0x00,0x00,0x00,0x00,0x00,0x00,0x00,0x00,0x00,
    0x00,0x00,0x00,0x00,0x00,0x00,0x00,0x00,0x00,0x00,0x00,0x00,0x00,0x00,0x00,0x00,
    0x00,0x00,0x00,0x00,0x00,0x00,0x00,0x00,0x00,0x00,0x00,0x00,0x00,0x00,0x00,0x00,
    0x00,0x00,0x00,0x00,0x00,0x00,0x00,0x00,0x00,0x00,0x00,0x00,0x00,0x00,0x00,0x00,
    0x00,0x00,0x00,0x00,0x00,0x00,0x00,0x00,0x00,0x00,0x00,0x00,0x11,0x3c,0x63,0x00,
    0xef,0x4c,0xc4,0x00,0xf0,0x3b,0xb4,0x00,0xf1,0x41,0x64,0x00,0xf2,0x3b,0xc9,0x00,
    0xf3,0x46,0x57,0x00,0xf4,0x3b,0x4b,0x00,0xf5,0x46,0xa4,0x00,0xf6,0x3b,0xec,0x00,
    0xf7,0x41,0xaa,0x00,0xf8,0x46,0x73,0x00,0xf9,0x3f,0xab,0x00,0xfa,0x43,0x71,0x00,
    0xfb,0x4c,0xfc,0x00,0xfc,0x46,0x9d,0x00,0xfd,0x4d,0xd5,0x00,0xfe,0x4c,0x00,0x00,
    0xff,0x03,0x2c,0x2e,0x22,0x07,0x02,0xb9,0x14,0xc1,0x93,0x6a,0x41,0x87,0x00,0x16,
    0x45,0x94,0xa5,0x04,0xf4,0x00,0x16,0x65,0x94,0xa5,0x04,0xf3,0x00,0x17,0x25,0x94,
    0xa5,0x04,0xf2,0x00,0x18,0xa5,0x94,0xa5,0x04,0xff,0x00,0x19,0x17,0xd3,0x18,0x08,
    0xf5,0x00,0x19,0x19,0xbb,0x66,0x41,0x88,0x00,0x19,0x3b,0xaa,0x79,0x80,0x01,0x00,
    0x19,0x3b,0xaa,0xf9,0x80,0x01,0x00,0x19,0x86,0xba,0x65,0x41,0x89,0x00,0x19,0xd7,
    0x94,0xa5,0x80,0x01,0x00,0x19,0xd7,0x97,0x95,0x80,0x01,0x00,0x1a,0x31,0x94,0xa5,
    0x04,0xf8,0x00,0x1a,0x39,0x9a,0xe5,0x80,0x01,0x00,0x1a,0x65,0x94,0xa5,0x04,0xfe,
    0x00,0x1a,0x68,0xb9,0x53,0x22,0xdf,0x00,0x1a,0x69,0x94,0xa5,0x04,0xfb,0x00,0x1a,
    0x78,0xf1,0x57,0x41,0x8a,0x00,0x1a,0x79,0xba,0xda,0x22,0x9f,0x00,0x1a,0xb5,0xc7,
    0xc5,0x41,0x8b,0x00,0x1a,0xf4,0xea,0x69,0x08,0xf1,0x00,0x1a,0xf9,0x94,0xa5,0x80,
    0x01,0x00,0x1b,0x10,0x94,0xa5,0x41,0xef,0x00,0x1b,0x25,0x94,0xa5,0x08,0xf3,0x00,
    0x1b,0x39,0x99,0x0d,0x41,0xf1,0x00,0x1b,0x39,0x99,0x10,0x41,0x8c,0x00,0x1b,0x6e,
    0x9b,0x34,0x80,0x01,0x00,0x1b,0x86,0xc1,0x45,0x41,0xf7,0x00,0x1b,0x86,0xf8,0xa5,
    0x08,0xf7,0x00,0x1b,0xa5,0x94,0xa5,0x80,0x01,0x00,0x1b,0xaa,0x94,0xa5,0x80,0x01,
    0x00,0x1c,0xc8,0xc0,0xa5,0x41,0x8d,0x00,0x1c,0xcc,0x94,0xa5,0x80,0x01,0x00,0x1c,
    0xd3,0xbb,0x0d,0x41,0xa9,0x00,0x1c,0xd7,0x94,0xa5,0x80,0x01,0x00,0x1c,0xd7,0xa8,
    0xa5,0x22,0x82,0x00,0x1c,0xd7,0xac,0xa5,0x41,0x94,0x00,0x1c,0xd7,0xde,0x9c,0x80,
    0x01,0x00,0x1c,0xd8,0xc1,0x59,0x80,0x01,0x00,0x1c,0xd9,0x94,0xa5,0x80,0x01,0x00,
    0x1c,0xd9,0xb5,0x45,0x41,0xec,0x00,0x1c,0xda,0x9e,0x2a,0x80,0x01,0x00,0x1d,0x46,
    0xeb,0x2e,0x22,0xfb,0x00,0x1d,0x4a,0xe6,0x2a,0x80,0x01,0x00,0x1d,0x4c,0xd2,0x6a,
    0x41,0xa9,0x00,0x1d,0x4d,0xba,0x69,0x08,0xef,0x00,0x1d,0x51,0xc4,0xa5,0x80,0x01,
    0x00,0x1d,0x51,0xd3,0x85,0x08,0xf0,0x00,0x1d,0x53,0xa8,0xd9,0x08,0xf0,0x00,0x1d,
    0xd7,0xa4,0xa5,0x80,0x01,0x00,0x1d,0xd7,0xa7,0x05,0x22,0x8e,0x00,0x1d,0xd9,0xa8,
    0xa5,0x41,0xa3,0x00,0x1e,0x26,0xa2,0x05,0x22,0xe3,0x00,0x1e,0x26,0xa5,0x45,0x80,
    0x01,0x00,0x1e,0x26,0xe3,0x25,0x41,0x8e,0x00,0x1e,0x2a,0xe3,0x0e,0x80,0x01,0x00,
    0x1e,0x34,0xa2,0x05,0x41,0x9d,0x00,0x1e,0x34,0xd1,0x3e,0x22,0xe7,0x00,0x1e,0x34,
    0xf0,0xa5,0x41,0x8f,0x00,0x1e,0x3a,0xa8,0xa5,0x22,0xd5,0x00,0x1e,0x86,0xdd,0x25,
    0xc0,0x01,0x90,0x1e,0x86,0xdd,0x2a,0x22,0xca,0x00,0x1e,0x86,0xdd,0x38,0x80,0x01,
    0x00,0x1e,0x86,0xe4,0xa5,0x80,0x01,0x00,0x1e,0x89,0xb9,0x58,0x80,0x01,0x00,0x1e,
    0x89,0xf8,0xa5,0x80,0x01,0x00,0x1e,0x91,0xe4,0xa5,0x80,0x01,0x00,0x1e,0x93,0xab,
    0x05,0x80,0x01,0x00,0x1e,0x94,0xc0,0xa5,0x80,0x01,0x00,0x1e,0x94,0xc2,0x2a,0x80,
    0x01,0x00,0x1e,0x94,0xc3,0x05,0x80,0x01,0x00,0x1e,0x99,0xe6,0x2a,0x80,0x01,0x00,
    0x1e,0x9d,0x94,0xa5,0x80,0x01,0x00,0x1e,0xe6,0xa1,0x51,0x80,0x01,0x00,0x1e,0xe6,
    0xcd,0x0d,0x80,0x01,0x00,0x1e,0xe6,0xcd,0x2e,0x41,0xf9,0x00,0x1e,0xe6,0xe3,0x05,
    0x22,0xe9,0x00,0x1e,0xea,0x9a,0x05,0x41,0x9d,0x00,0x1e,0xea,0x9b,0x2d,0x80,0x01,
    0x00,0x1e,0xee,0xa9,0x65,0x41,0x7b,0x00,0x1e,0xf4,0xc1,0x53,0x22,0xe2,0x00,0x1e,
    0xf4,0xf2,0x65,0x22,0xda,0x00,0x1e,0xfa,0xe1,0xa5,0x41,0x91,0x00,0x1f,0x47,0x9e,
    0x2a,0x80,0x01,0x00,0x1f,0x4c,0x94,0xa5,0xc0,0x01,0x92,0x1f,0x54,0xf8,0xa5,0x80,
    0x01,0x00,0x1f,0x57,0xcc,0xa5,0x41,0x93,0x00,0x1f,0x57,0xcd,0x49,0x22,0xba,0x00,
    0x1f,0x57,0xcd,0xd3,0x22,0xb1,0x00,0x1f,0x59,0x94,0xa5,0x04,0xf6,0x00,0x1f,0x59,
    0xe6,0x93,0x80,0x01,0x00,0x20,0xcc,0xa8,0xa5,0x80,0x01,0x00,0x20,0xd3,0x9a,0xfe,
    0x80,0x01,0x00,0x20,0xd3,0xa6,0x2a,0x80,0x01,0x00,0x20,0xd3,0xec,0xd8,0x80,0x01,
    0x00,0x20,0xd7,0xd5,0x59,0x80,0x01,0x00,0x20,0xd7,0xdf,0xc5,0x41,0xee,0x00,0x20,
    0xd7,0xed,0x49,0x22,0xa7,0x00,0x20,0xd8,0xa8,0xa5,0x80,0x01,0x00,0x20,0xd8,0xc1,
    0x59,0x80,0x01,0x00,0x20,0xd8,0xe4,0xa5,0x41,0xa9,0x00,0x20,0xd9,0xa1,0xa5,0x41,
    0xee,0x00,0x21,0xa6,0xba,0x65,0x80,0x01,0x00,0x21,0xa6,0xc5,0xc8,0x80,0x01,0x00,
    0x21,0xa6,0xcf,0x25,0x41,0xb3,0x00,0x21,0xa6,0xe1,0x45,0x41,0xad,0x00,0x21,0xa6,
    0xe2,0x45,0x80,0x01,0x00,0x21,0xaa,0xe3,0x25,0x80,0x01,0x00,0x21,0xaa,0xe3,0x38,
    0x80,0x01,0x00,0x21,0xae,0xca,0x6a,0x80,0x01,0x00,0x21,0xb4,0xca,0xa5,0x41,0x94,
    0x00,0x21,0xba,0xa2,0x05,0x41,0xf0,0x00,0x21,0xba,0xe5,0x45,0x80,0x01,0x00,0x22,
    0x2a,0x9a,0x65,0x41,0x91,0x00,0x22,0x2a,0x9a,0xe5,0x22,0xc5,0x00,0x22,0x2e,0xad,
    0x65,0x80,0x01,0x00,0x22,0x2e,0xad,0x78,0x80,0x01,0x00,0x22,0x2e,0xc8,0xe5,0x41,
    0x95,0x00,0x22,0x34,0xa2,0x1c,0x22,0x8b,0x00,0x22,0x34,0xe1,0x45,0x41,0x96,0x00,
    0x22,0x34,0xed,0x45,0x80,0x01,0x00,0x22,0x86,0xc4,0xa5,0x80,0x01,0x00,0x22,0x8b,
    0xad,0xd3,0x80,0x01,0x00,0x22,0x8e,0xc4,0xa5,0x80,0x01,0x00,0x22,0x8e,0xcf,0x05,
    0x80,0x01,0x00,0x22,0x91,0xd2,0x6e,0x22,0xfa,0x00,0x22,0x92,0xa8,0xa5,0x41,0xad,
    0x00,0x22,0x92,0xc8,0xd3,0x41,0x97,0x00,0x22,0x93,0xe3,0x52,0x41,0xa3,0x00,0x22,
    0x93,0xe4,0xce,0x80,0x01,0x00,0x22,0x93,0xe6,0xf4,0x22,0x8f,0x00,0x22,0x9a,0xcf,
    0x25,0x41,0x98,0x00,0x22,0x9b,0xaa,0xe5,0x80,0x01,0x00,0x22,0xe6,0xa2,0x05,0x80,
    0x01,0x00,0x22,0xe6,0xf2,0x3c,0x80,0x01,0x00,0x22,0xea,0xe5,0xd3,0x80,0x01,0x00,
    0x22,0xf4,0xe3,0x05,0x41,0x99,0x00,0x22,0xfe,0xe3,0x26,0x22,0xef,0x00,0x23,0x55,
    0x94,0xa5,0x80,0x01,0x00,0x23,0x57,0xe1,0x45,0x41,0x9b,0x00,0x23,0x59,0x94,0xa5,
    0x41,0x9a,0x00,0x23,0xc8,0xc6,0x95,0x80,0x01,0x00,0x24,0xa5,0x94,0xa5,0x18,0xfa,
    0x16,0x24,0xd2,0x94,0xa5,0x80,0x01,0x00,0x24,0xd2,0x99,0x8a,0x41,0x9d,0x00,0x24,
    0xd2,0xcc,0xa5,0x41,0x9b,0x00,0x24,0xd7,0xc0,0xa5,0x22,0xf3,0x00,0x25,0x46,0xa4,
    0xa5,0x22,0xb9,0x00,0x25,0x4b,0xc4,0xd9,0x41,0x9c,0x00,0x25,0x57,0x9a,0x6c,0x22,
    0xea,0x00,0x25,0x58,0xa2,0xee,0x41,0xa8,0x00,0x25,0x58,0xe6,0xf4,0x41,0x9d,0x00,
    0x25,0xc6,0xb2,0x74,0x41,0x7d,0x00,0x25,0xc6,0xca,0x93,0x80,0x01,0x00,0x25,0xcc,
    0x94,0xa5,0x41,0x9e,0x00,0x25,0xd3,0xcd,0x57,0x80,0x01,0x00,0x25,0xd7,0xe4,0xa5,
    0x80,0x01,0x00,0x25,0xd8,0xaa,0x47,0x41,0x9f,0x00,0x25,0xd8,0xaa,0x68,0x41,0xa0,
    0x00,0x25,0xd8,0xd4,0xd9,0x41,0xb8,0x00,0x25,0xdb,0xa8,0xa5,0x41,0xb6,0x00,0x26,
    0x92,0xa8,0xa5,0x80,0x01,0x00,0x26,0x93,0x9b,0x2a,0x41,0xaf,0x00,0x26,0x94,0xdc,
    0xa5,0x80,0x01,0x00,0x26,0x9a,0xe1,0x45,0x41,0xaa,0x00,0x26,0x9c,0xcc,0xa5,0x18,
    0xfa,0x16,0x26,0xee,0xce,0x05,0x41,0xa1,0x00,0x26,0xee,0xd4,0xa5,0x80,0x01,0x00,
    0x26,0xee,0xed,0x45,0x41,0xa9,0x00,0x26,0xee,0xed,0x57,0x80,0x01,0x00,0x26,0xf4,
    0xd4,0xa5,0x41,0xa2,0x00,0x26,0xfe,0xaa,0xe5,0x80,0x01,0x00,0x27,0x52,0x9f,0x86,
    0x80,0x01,0x00,0x27,0x58,0xe7,0xc5,0x22,0xcb,0x00,0x28,0xa5,0x94,0xa5,0x13,0x1e,
    0x00,0x28,0xd8,0xe4,0xa5,0x13,0x1e,0x00,0x28,0xd9,0x94,0xa5,0x41,0xa3,0x00,0x29,
    0x0d,0xd0,0xa5,0x41,0xa4,0x00,0x29,0x8c,0x94,0xa5,0x80,0x01,0x00,0x29,0x9e,0xd7,
    0x2e,0x22,0xe0,0x00,0x2a,0x34,0xcd,0x86,0x22,0xd9,0x00,0x2a,0x3b,0xbb,0x0d,0x22,
    0xa0,0x00,0x2a,0x4a,0xdc,0xd1,0x80,0x01,0x00,0x2a,0x66,0xc9,0x51,0x22,0xde,0x00,
    0x2a,0x68,0xb4,0xd3,0x41,0xa5,0x00,0x2a,0x68,0xdf,0x58,0x22,0x8d,0x00,0x2a,0x6c,
    0xdc,0xdb,0xa2,0xd1,0x01,0x2a,0x74,0xde,0x54,0xa2,0xc0,0x01,0x2a,0x79,0xaa,0xe5,
    0x41,0xa6,0x00,0x2b,0x6e,0xc4,0xa5,0x22,0xf0,0x00,0x2b,0xa6,0xc9,0xd3,0x41,0xa8,
    0x00,0x2b,0xa8,0xaa,0xb9,0x04,0xf5,0x00,0x2b,0xae,0xe4,0xa5,0x41,0xa7,0x00,0x2b,
    0xb4,0xdd,0x0e,0x41,0xa9,0x00,0x2b,0xb6,0xe9,0xd8,0x22,0xbf,0x00,0x2b,0xb9,0xba,
    0x6c,0x41,0xaa,0x00,0x2b,0xca,0x94,0xa5,0x80,0x01,0x00,0x2c,0xd1,0xc4,0xa5,0x04,
    0xe8,0x00,0x2c,0xd3,0xe4,0xd8,0x04,0xdf,0x00,0x2c,0xd8,0xe5,0x53,0x41,0xf1,0x00,
    0x2d,0x09,0x16,0xe5,0x80,0x01,0x00,0x2d,0x46,0xdc,0xa5,0x04,0xeb,0x00,0x2d,0x4a,
    0x9e,0x2a,0x04,0xed,0x00,0x2d,0x4a,0xa4,0xa5,0x41,0xaf,0x00,0x2d,0x4a,0xc4,0xa5,
    0x41,0xdd,0x00,0x2d,0x53,0xa1,0x45,0x04,0xe1,0x00,0x2d,0x57,0xc9,0x53,0x04,0xe5,
    0x00,0x2d,0xca,0xcd,0x38,0x80,0x01,0x00,0x2d,0xca,0xdd,0x0a,0x04,0xe4,0x00,0x2d,
    0xcc,0xb7,0x25,0x41,0x8c,0x00,0x2d,0xcc,0xea,0xee,0x80,0x01,0x00,0x2d,0xd1,0xa1,
    0xa5,0x04,0xea,0x00,0x2d,0xd1,0xc4,0xa5,0x41,0xab,0x00,0x2d,0xd3,0xa4,0xa5,0x41,
    0xac,0x00,0x2d,0xd3,0xa8,0xa5,0x22,0x9d,0x00,0x2d,0xd3,0xaa,0xb7,0x80,0x01,0x00,
    0x2d,0xd7,0xaa,0xb7,0x04,0xe2,0x00,0x2d,0xdd,0x94,0xa5,0x41,0xce,0x00,0x2e,0x26,
    0xc9,0xd3,0x22,0x98,0x00,0x2e,0x26,0xe5,0xaa,0x22,0xf6,0x00,0x2e,0x2e,0xd4,0xa5,
    0x41,0xf3,0x00,0x2e,0x34,0x9b,0x25,0x04,0xe3,0x00,0x2e,0x34,0xd2,0xe5,0x80,0x01,
    0x00,0x2e,0x3a,0xd2,0xea,0x04,0xe6,0x00,0x2e,0x91,0xc6,0x9c,0x41,0xad,0x00,0x2e,
    0x94,0x9c,0xd7,0x80,0x01,0x00,0x2e,0x94,0xa4,0xa5,0x80,0x01,0x00,0x2e,0x94,0xe6,
    0xa6,0x80,0x01,0x00,0x2e,0x97,0x94,0xa5,0x08,0xf2,0x00,0x2e,0x97,0x9d,0xc9,0x22,
    0x89,0x00,0x2e,0x97,0xa1,0x45,0x80,0x01,0x00,0x2e,0x97,0xa4,0xa5,0x41,0x99,0x00,
    0x2e,0x97,0xab,0x19,0xa0,0x01,0x85,0x2e,0x97,0xc0,0xa5,0x80,0x01,0x00,0x2e,0xea,
    0xa8,0xa5,0x41,0xf5,0x00,0x2e,0xea,0xab,0xea,0x04,0xe9,0x00,0x2e,0xee,0xb1,0xc9,
    0x22,0xac,0x00,0x2e,0xf4,0x9e,0x9f,0x41,0xae,0x00,0x2e,0xf4,0xc8,0xa5,0x08,0xf8,
    0x00,0x2e,0xf4,0xcf,0x25,0x22,0xc9,0x00,0x2e,0xf4,0xe7,0xe5,0x04,0xde,0x00,0x2e,
    0xfe,0x94,0xa5,0x04,0xe7,0x00,0x2f,0x48,0xc0,0xa5,0x41,0x9b,0x00,0x2f,0x49,0xb1,
    0x45,0x04,0xe0,0x00,0x2f,0x52,0x9e,0x2a,0x04,0xec,0x00,0x30,0xa5,0x94,0xa5,0x41,
    0x89,0x00,0x30,0xd7,0xc5,0xc8,0x80,0x01,0x00,0x30,0xd8,0x94,0xa5,0x80,0x01,0x00,
    0x30,0xd9,0xa8,0xa5,0x80,0x01,0x00,0x30,0xd9,0xab,0x05,0x80,0x01,0x00,0x30,0xdf,
    0xa8,0xa5,0x41,0xc2,0x00,0x31,0x59,0x94,0xa5,0x41,0xee,0x00,0x31,0xb4,0xe3,0x38,
    0x80,0x01,0x00,0x31,0xc6,0xcf,0x25,0x22,0xcd,0x00,0x31,0xdb,0xa8,0xa5,0x41,0xaf,
    0x00,0x32,0x26,0xc9,0x37,0x80,0x01,0x00,0x32,0x26,0xe3,0x05,0x22,0xc4,0x00,0x32,
    0x3a,0xa8,0xa5,0x41,0xce,0x00,0x32,0x85,0x94,0xa5,0x41,0xf8,0x00,0x32,0x91,0xa4,
    0xa5,0xa2,0xc2,0x01,0x32,0x91,0xa5,0x53,0x22,0x8a,0x00,0x32,0x99,0xb5,0xc8,0x22,
    0xa3,0x00,0x32,0xe6,0x9c,0xa5,0x41,0xee,0x00,0x32,0xe6,0xa1,0x58,0x80,0x01,0x00,
    0x32,0xe6,0xcd,0xd9,0x22,0xfe,0x00,0x32,0xe6,0xe5,0x45,0x80,0x01,0x00,0x32,0xe6,
    0xe5,0xd3,0x80,0x01,0x00,0x32,0xea,0x9b,0x0a,0x41,0xc4,0x00,0x32,0xea,0xaa,0x65,
    0x22,0xe5,0x00,0x32,0xf4,0xea,0x69,0x80,0x01,0x00,0x32,0xf4,0xea,0xa5,0x80,0x01,
    0x00,0x32,0xfa,0xa8,0xa5,0x80,0x01,0x00,0x33,0x4e,0xa5,0x45,0xa0,0x01,0x95,0x33,
    0x4e,0xa5,0x47,0x80,0x01,0x00,0x33,0x53,0xc0,0xa5,0x80,0x01,0x00,0x34,0xaa,0xd0,
    0xa5,0x80,0x01,0x00,0x34,0xd3,0xa4,0xa5,0xc0,0x01,0xb0,0x34,0xd3,0xa4,0xbc,0x22,
    0xc1,0x00,0x34,0xd3,0xa7,0x05,0x80,0x01,0x00,0x34,0xd9,0xa1,0xa5,0x41,0xb1,0x00,
    0x35,0x46,0xa4,0xa5,0x80,0x01,0x00,0x35,0x46,0xd4,0xa5,0x80,0x01,0x00,0x35,0x51,
    0xc6,0x85,0x41,0xb2,0x00,0x35,0x52,0xc6,0x88,0x80,0x01,0x00,0x35,0x52,0xd4,0xa5,
    0x80,0x01,0x00,0x35,0x57,0x94,0xa5,0x80,0x01,0x00,0x35,0x57,0xa8,0xa5,0x04,0xee,
    0x00,0x35,0xc5,0x94,0xa5,0x41,0xb2,0x00,0x35,0xc9,0xa8,0xa5,0x41,0xd7,0x00,0x35,
    0xd2,0x94,0xa5,0x80,0x01,0x00,0x35,0xd9,0x94,0xa5,0x41,0x8c,0x00,0x36,0x91,0xa4,
    0xa5,0x41,0xee,0x00,0x36,0x95,0x94,0xa5,0x41,0xe3,0x00,0x36,0x99,0x94,0xa5,0x22,
    0xed,0x00,0x36,0x9a,0xe1,0x45,0x80,0x01,0x00,0x37,0x4c,0xa8,0xa5,0x22,0xc8,0x00,
    0x37,0x53,0xb2,0xfe,0x22,0xce,0x00,0x37,0x57,0xc4,0xa5,0x41,0xf0,0x00,0x37,0x57,
    0xe4,0xa5,0x41,0x8c,0x00,0x38,0xa5,0x94,0xa5,0x41,0x7e,0x00,0x39,0x93,0xbb,0x2a,
    0x41,0x93,0x00,0x3a,0x47,0xb8,0xea,0x41,0xa1,0x00,0x3a,0x55,0x9b,0x18,0x22,0xf7,
    0x00,0x3a,0x65,0x94,0xa5,0x18,0xfb,0x15,0x3a,0x68,0x9a,0x79,0x41,0xb3,0x00,0x3a,
    0x68,0xba,0x6a,0x41,0x93,0x00,0x3a,0x6b,0xc4,0xd9,0x62,0xb5,0xb4,0x3a,0x6f,0xea,
    0xea,0x41,0x8c,0x00,0x3a,0x78,0xa2,0xee,0x80,0x01,0x00,0x3a,0x78,0xaa,0xf9,0x41,
    0xd7,0x00,0x3a,0x78,0xb9,0x2a,0x18,0xfb,0x15,0x3a,0x79,0xcf,0x52,0x80,0x01,0x00,
    0x3a,0x79,0xd0,0xa5,0x18,0xfb,0x15,0x3a,0x7b,0xaa,0x79,0x41,0x7e,0x00,0x3a,0x7b,
    0xbb,0x0e,0x22,0xf1,0x00,0x3b,0x05,0x94,0xa5,0x44,0xfc,0xb5,0x3b,0x25,0x94,0xa5,
    0x80,0x01,0x00,0x3b,0x74,0xdf,0xc5,0xa0,0x01,0x97,0x3c,0xc9,0xa8,0xa5,0x22,0xbe,
    0x00,0x3d,0x5c,0xaa,0x25,0xa0,0x01,0x8c,0x3d,0x5c,0xaa,0x2a,0x22,0xa6,0x00,0x3d,
    0x5c,0xaa,0x38,0x80,0x01,0x00,0x3f,0x52,0xd4,0xa5,0x41,0xb6,0x00,0x41,0x5e,0x94,
    0xa5,0x80,0x01,0x00,0x41,0xc8,0xc0,0xa5,0x41,0xb7,0x00,0x41,0xd1,0xc4,0xa5,0x41,
    0xb8,0x00,0x41,0xd8,0xe0,0xa5,0x41,0xba,0x00,0x41,0xd9,0xa1,0xaa,0x22,0xf5,0x00,
    0x42,0x6e,0xad,0x45,0x80,0x01,0x00,0x42,0x6e,0xed,0x58,0x80,0x01,0x00,0x42,0x74,
    0xa2,0x05,0x41,0xbb,0x00,0x44,0xa5,0x94,0xa5,0x41,0xc2,0x00,0x44,0xc7,0xaa,0x25,
    0x80,0x01,0x00,0x44,0xc9,0xa5,0x57,0x80,0x01,0x00,0x44,0xd0,0xa8,0xa5,0x80,0x01,
    0x00,0x44,0xd2,0xd4,0xa5,0x80,0x01,0x00,0x44,0xd3,0xa4,0xa5,0x13,0x13,0x00,0x44,
    0xd3,0xe5,0x57,0x80,0x01,0x00,0x44,0xd7,0xb1,0x45,0x22,0xf9,0x00,0x44,0xda,0xcd,
    0x0d,0x41,0xbc,0x00,0x45,0x46,0xac,0xa5,0x80,0x01,0x00,0x45,0x46,0xae,0x2a,0x80,
    0x01,0x00,0x45,0x46,0xc0,0xa5,0x80,0x01,0x00,0x45,0x46,0xcc,0xa5,0x41,0xbd,0x00,
    0x45,0x46,0xd4,0xa5,0x41,0xb6,0x00,0x45,0x46,0xe5,0xaa,0x22,0xb6,0x00,0x45,0x46,
    0xed,0x45,0x41,0xbe,0x00,0x45,0x46,0xed,0x58,0x80,0x01,0x00,0x45,0x49,0xb1,0x45,
    0x80,0x01,0x00,0x45,0x59,0xe5,0x57,0x80,0x01,0x00,0x45,0xc9,0x94,0xa5,0x80,0x01,
    0x00,0x45,0xcb,0xe4,0xa5,0x41,0xd8,0x00,0x45,0xcc,0xb7,0x25,0xc0,0x01,0xbf,0x45,
    0xd6,0xe9,0xc9,0x80,0x01,0x00,0x45,0xd6,0xe9,0xcb,0x41,0xc6,0x00,0x45,0xd8,0xe5,
    0x53,0x41,0xc0,0x00,0x46,0x88,0xc0,0xa5,0x41,0xc1,0x00,0x46,0x93,0xb0,0xa5,0x22,
    0x84,0x00,0x46,0x94,0xc0,0xa5,0x41,0xc2,0x00,0x46,0x98,0xa8,0xa5,0x41,0x94,0x00,
    0x46,0x9c,0xaa,0xe5,0x41,0xc3,0x00,0x46,0x9c,0xaa,0xea,0x22,0xee,0x00,0x47,0x47,
    0xdd,0xc8,0x41,0xc4,0x00,0x47,0x53,0xa1,0xa5,0x80,0x01,0x00,0x47,0x53,0xb3,0x05,
    0x80,0x01,0x00,0x47,0x57,0xc1,0xd3,0x22,0x88,0x00,0x48,0xc8,0xb5,0xd3,0x80,0x01,
    0x00,0x48,0xcc,0xb9,0x05,0x22,0xb4,0x00,0x48,0xce,0xc4,0xa5,0x80,0x01,0x00,0x48,
    0xce,0xc4,0xf4,0x80,0x01,0x00,0x48,0xd0,0xa8,0xa5,0x41,0xc5,0x00,0x48,0xd3,0x94,
    0xa5,0x80,0x01,0x00,0x48,0xd3,0xb2,0x2a,0x22,0xaf,0x00,0x48,0xd3,0xe8,0xd1,0x80,
    0x01,0x00,0x48,0xd5,0x94,0xa5,0x80,0x01,0x00,0x48,0xd7,0x9e,0x2a,0x22,0x99,0x00,
    0x48,0xd8,0xe1,0xdb,0x22,0xc6,0x00,0x48,0xd9,0xa1,0xa5,0xa0,0x01,0xb2,0x48,0xd9,
    0xa1,0xa7,0x80,0x01,0x00,0x48,0xd9,0xa1,0xaa,0x80,0x01,0x00,0x48,0xd9,0xaa,0xee,
    0x80,0x01,0x00,0x49,0x45,0x94,0xa5,0x80,0x01,0x00,0x49,0x51,0xe4,0xa5,0x41,0xc6,
    0x00,0x49,0x59,0x9a,0x25,0x22,0xe6,0x00,0x49,0xd7,0xde,0x97,0x80,0x01,0x00,0x4a,
    0x91,0xab,0x19,0x41,0xd9,0x00,0x4a,0x93,0xe3,0x2a,0x80,0x01,0x00,0x4a,0x9a,0xcf,
    0x26,0x80,0x01,0x00,0x4a,0x9a,0xe5,0xa5,0x80,0x01,0x00,0x4a,0x9b,0xa8,0xa5,0x41,
    0xc7,0x00,0x4b,0x52,0x9e,0x2a,0x41,0xc9,0x00,0x4b,0x57,0xa5,0x57,0x41,0xb8,0x00,
    0x4b,0xd8,0xaa,0x2b,0x80,0x01,0x00,0x4c,0xa5,0x94,0xa5,0x13,0x1f,0x00,0x4c,0xce,
    0xc4,0xa5,0x80,0x01,0x00,0x4c,0xce,0xc7,0x05,0x80,0x01,0x00,0x4c,0xd7,0xde,0x9c,
    0x22,0xf2,0x00,0x4c,0xd8,0xe7,0xc5,0x22,0xbd,0x00,0x4d,0x45,0x94,0xa5,0x13,0x1b,
    0x00,0x4d,0x58,0xe4,0xa5,0x80,0x01,0x00,0x4e,0x85,0x94,0xa5,0x04,0xf0,0x00,0x4e,
    0x97,0xe5,0xa5,0x13,0x1f,0x00,0x4e,0x97,0xe5,0xaa,0x13,0x1b,0x00,0x4e,0x97,0xe5,
    0xbc,0x13,0x1a,0x00,0x4f,0x59,0x94,0xa5,0x80,0x01,0x00,0x4f,0x85,0x94,0xa5,0x13,
    0x1a,0x00,0x51,0x34,0xdc,0xa5,0x80,0x01,0x00,0x51,0x3e,0xe3,0x0a,0x41,0xca,0x00,
    0x51,0x65,0x94,0xa5,0x04,0xfa,0x00,0x51,0x6b,0x94,0xa5,0x08,0xf4,0x00,0x51,0x6b,
    0xaa,0xe5,0x41,0xaf,0x00,0x51,0xd1,0x94,0xa5,0x41,0xc4,0x00,0x52,0x29,0x94,0xa5,
    0x22,0xb7,0x00,0x52,0x65,0x94,0xa5,0x08,0xf9,0x00,0x52,0x6a,0x94,0xa5,0x04,0xf7,
    0x00,0x52,0x79,0xd0,0xa5,0x08,0xf9,0x00,0x52,0xaa,0xcc,0xa5,0x41,0xcb,0x00,0x52,
    0xe8,0xdd,0xd8,0x80,0x01,0x00,0x52,0xee,0xaa,0x79,0x22,0xd3,0x00,0x53,0x59,0x94,
    0xa5,0x18,0xfd,0x14,0x53,0x6a,0xdc,0xa5,0x08,0xf6,0x00,0x53,0x6a,0xdc,0xf4,0x80,
    0x01,0x00,0x53,0x93,0x94,0xa5,0x22,0xcf,0x00,0x53,0x93,0xaa,0xf8,0x22,0x92,0x00,
    0x53,0xf2,0xd2,0x85,0x04,0xdd,0x00,0x54,0xcc,0xa8,0xa5,0x80,0x01,0x00,0x54,0xce,
    0xcf,0x25,0x80,0x01,0x00,0x54,0xce,0xcf,0x2e,0x80,0x01,0x00,0x54,0xce,0xdc,0xa5,
    0x80,0x01,0x00,0x54,0xd3,0xaa,0x25,0x80,0x01,0x00,0x54,0xd5,0xaa,0xe5,0x80,0x01,
    0x00,0x54,0xd7,0xa1,0xb2,0x80,0x01,0x00,0x54,0xd8,0xe0,0xcc,0x80,0x01,0x00,0x54,
    0xd8,0xe5,0x45,0x80,0x01,0x00,0x54,0xd9,0x94,0xa5,0x41,0xdd,0x00,0x54,0xd9,0xa1,
    0xa5,0x41,0xce,0x00,0x54,0xd9,0xb4,0xa5,0x80,0x01,0x00,0x55,0x35,0x15,0x25,0x80,
    0x01,0x00,0x55,0x46,0xc4,0xa5,0x41,0xdc,0x00,0x55,0x49,0xab,0x19,0x80,0x01,0x00,
    0x55,0x55,0xd5,0x57,0x22,0xec,0x00,0x55,0x57,0xe2,0x93,0x80,0x01,0x00,0x55,0x59,
    0x94,0xa5,0x41,0xdd,0x00,0x55,0xc8,0xc0,0xa5,0x41,0xcc,0x00,0x55,0xca,0xa1,0x45,
    0x80,0x01,0x00,0x55,0xca,0xdd,0x0a,0x41,0x9a,0x00,0x55,0xd1,0xa8,0xa5,0x80,0x01,
    0x00,0x55,0xd3,0xab,0x05,0x80,0x01,0x00,0x55,0xd5,0xa8,0xa5,0x80,0x01,0x00,0x56,
    0x26,0xa1,0x45,0x41,0xd7,0x00,0x56,0x26,0xe3,0x2e,0xa2,0xe4,0x01,0x56,0x26,0xe5,
    0xd3,0xa0,0x01,0xad,0x56,0x26,0xf8,0xa5,0x41,0xcd,0x00,0x56,0x3a,0xb0,0xa5,0x41,
    0xce,0x00,0x56,0x3a,0xb1,0xa5,0x41,0xcf,0x00,0x56,0x90,0xa8,0xa5,0x41,0xd0,0x00,
    0x56,0x98,0xa9,0xc9,0x22,0xd0,0x00,0x56,0x99,0x94,0xa5,0x80,0x01,0x00,0x56,0x9a,
    0xdc,0xa5,0x41,0xd2,0x00,0x56,0xe6,0xf8,0xa5,0x41,0xd3,0x00,0x56,0xe6,0xf9,0x57,
    0x80,0x01,0x00,0x56,0xea,0xe3,0x05,0x41,0xd6,0x00,0x56,0xee,0xcf,0x25,0x80,0x01,
    0x00,0x56,0xf4,0xa1,0x4a,0x41,0xf8,0x00,0x57,0x51,0xc4,0xa5,0x41,0xd4,0x00,0x57,
    0x52,0xd4,0xa5,0xc0,0x01,0xd5,0x57,0x53,0xa3,0x3a,0x62,0xae,0xd1,0x57,0x57,0xe3,
    0x4a,0x41,0xad,0x00,0x57,0x58,0xb4,0xa5,0x41,0xd6,0x00,0x57,0x59,0x94,0xa5,0x41,
    0xd7,0x00,0x58,0xa5,0x94,0xa5,0x41,0x7f,0x00,0x5b,0x46,0xcf,0x2e,0x80,0x01,0x00,
    0x5b,0x4e,0xe4,0xa5,0x41,0x7f,0x00,0x5c,0xcb,0xe4,0xa5,0x80,0x01,0x00,0x5c,0xce,
    0xc4,0xa5,0x80,0x01,0x00,0x5c,0xce,0xc5,0xd3,0x80,0x01,0x00,0x5c,0xce,0xcc,0xf4,
    0x80,0x01,0x00,0x5c,0xce,0xe1,0x45,0x41,0xd8,0x00,0x5c,0xd2,0xd4,0xa5,0x80,0x01,
    0x00,0x5c,0xd3,0xb1,0x45,0x80,0x01,0x00,0x5c,0xd5,0x94,0xa5,0x41,0xbb,0x00,0x5c,
    0xd5,0xa8,0xa5,0x41,0xd9,0x00,0x5d,0x46,0xa4,0xa5,0x41,0xda,0x00,0x5d,0x49,0x94,
    0xa5,0x22,0xe8,0x00,0x5d,0x4b,0xc5,0x48,0x80,0x01,0x00,0x5d,0x51,0xa8,0xd8,0x41,
    0xa2,0x00,0x5d,0x52,0x99,0xd3,0x80,0x01,0x00,0x5d,0x52,0xd3,0x6a,0x41,0xee,0x00,
    0x5d,0x55,0x99,0xd7,0x41,0xce,0x00,0x5d,0x55,0xaa,0x79,0x41,0xdb,0x00,0x5d,0x55,
    0xc7,0xc5,0x41,0x8a,0x00,0x5d,0x58,0xe4,0xd7,0x41,0x80,0x00,0x5d,0x58,0xe6,0x97,
    0x41,0x81,0x00,0x5d,0xc8,0xc1,0x59,0x22,0xa8,0x00,0x5d,0xd3,0xb0,0xa5,0x41,0xdc,
    0x00,0x5d,0xdb,0xaa,0xe5,0x80,0x01,0x00,0x5e,0x87,0x9d,0x57,0x80,0x01,0x00,0x5e,
    0x88,0xc3,0xc5,0x22,0x91,0x00,0x5e,0x91,0xc4,0xa5,0x41,0xc8,0x00,0x5e,0x95,0xa8,
    0xa5,0x80,0x01,0x00,0x5f,0x47,0x94,0xa5,0x41,0xdd,0x00,0x5f,0x4c,0x94,0xa5,0x80,
    0x01,0x00,0x5f,0x53,0x94,0xa5,0x41,0xf8,0x00,0x5f,0x58,0xe7,0xc5,0x22,0xbb,0x00,
    0x60,0xa5,0x94,0xa5,0x13,0x1c,0x00,0x60,0xc8,0xc0,0xa5,0x80,0x01,0x00,0x60,0xce,
    0xc6,0x97,0x80,0x01,0x00,0x60,0xd3,0xa4,0xa5,0x80,0x01,0x00,0x60,0xd3,0xa7,0x8e,
    0x80,0x01,0x00,0x60,0xd5,0xd5,0xae,0xa0,0x01,0xab,0x60,0xdb,0xa8,0xa5,0x41,0x82,
    0x00,0x60,0xde,0x94,0xa5,0x41,0xdf,0x00,0x61,0x06,0xdc,0xc7,0x80,0x01,0x00,0x61,
    0x0a,0xd7,0x2a,0x80,0x01,0x00,0x61,0x0a,0xd7,0x37,0x80,0x01,0x00,0x61,0x14,0xdd,
    0x45,0x41,0x83,0x00,0x61,0x17,0xa8,0xd2,0x41,0xfe,0x00,0x61,0x17,0xab,0x85,0x22,
    0xaa,0x00,0x61,0x17,0xab,0x89,0x80,0x01,0x00,0x61,0x17,0xba,0xb9,0x41,0x84,0x00,
    0x61,0x45,0x94,0xa5,0x13,0x19,0x00,0x61,0x46,0xdd,0x0d,0x41,0xe0,0x00,0x61,0x46,
    0xf2,0x97,0x22,0xb3,0x00,0x61,0x48,0xea,0xea,0x41,0xf1,0x00,0x61,0x4a,0x94,0xa5,
    0x41,0xac,0x00,0x61,0x4a,0xa7,0xc5,0x22,0x9a,0x00,0x61,0x4a,0xc0,0xa5,0x41,0xac,
    0x00,0x61,0x51,0xac,0xa5,0x80,0x01,0x00,0x61,0x53,0xa4,0xa5,0x41,0xe1,0x00,0x61,
    0x59,0x94,0xa5,0x41,0xf3,0x00,0x61,0xa6,0xa7,0xc5,0x22,0x9c,0x00,0x61,0xa6,0xc1,
    0x45,0x41,0xe2,0x00,0x61,0xa6,0xde,0xa5,0x22,0xe1,0x00,0x61,0xaa,0xaa,0xe5,0x22,
    0x90,0x00,0x61,0xae,0xe4,0xa5,0x41,0x9b,0x00,0x61,0xb4,0xeb,0x25,0x41,0xfe,0x00,
    0x61,0xb4,0xed,0x51,0x80,0x01,0x00,0x61,0xba,0xe4,0xa5,0x41,0xf3,0x00,0x61,0xcc,
    0xb4,0xa5,0x41,0xc9,0x00,0x61,0xd1,0xaa,0x79,0x22,0x86,0x00,0x61,0xd1,0xed,0x57,
    0xa0,0x01,0xd2,0x61,0xd3,0xbb,0x19,0x22,0x87,0x00,0x61,0xd9,0x94,0xa5,0x41,0x95,
    0x00,0x62,0x0a,0xc5,0x59,0xa0,0x01,0xa9,0x62,0x0e,0xc8,0xa5,0x41,0xda,0x00,0x62,
    0x0e,0xd4,0xa5,0x41,0xe3,0x00,0x62,0x1a,0xc6,0x25,0x80,0x01,0x00,0x62,0x26,0xb0,
    0xa5,0x80,0x01,0x00,0x62,0x26,0xf8,0xa5,0x41,0xb8,0x00,0x62,0x2e,0xa1,0x45,0x41,
    0x9a,0x00,0x62,0x2e,0xa5,0x45,0xc0,0x01,0xe4,0x62,0x46,0xc6,0x25,0x22,0xf4,0x00,
    0x62,0x46,0xe1,0xa5,0x41,0x9d,0x00,0x62,0x4a,0xc6,0x25,0x41,0xe5,0x00,0x62,0x4a,
    0xc6,0x3e,0x22,0xd8,0x00,0x62,0x6e,0xad,0x65,0x41,0xe5,0x00,0x62,0x91,0xb9,0x25,
    0x22,0xc3,0x00,0x62,0x93,0xb0,0xa5,0x22,0xfd,0x00,0x62,0x93,0xb0,0xee,0x80,0x01,
    0x00,0x62,0x9a,0xe5,0xa5,0x13,0x1c,0x00,0x62,0x9a,0xe5,0xaa,0x13,0x19,0x00,0x62,
    0x9a,0xe5,0xbc,0x13,0x18,0x00,0x62,0xae,0xc6,0x25,0x41,0xd2,0x00,0x62,0xae,0xcc,
    0xa5,0x41,0xe6,0x00,0x62,0xae,0xdd,0xd9,0x80,0x01,0x00,0x62,0xb7,0x9b,0xc5,0x41,
    0xe7,0x00,0x62,0xda,0xa9,0x5f,0x41,0xe8,0x00,0x63,0x26,0x9c,0xa5,0x41,0xb9,0x00,
    0x63,0x26,0xba,0xe8,0x80,0x01,0x00,0x63,0x26,0xba,0xf8,0x80,0x01,0x00,0x63,0x26,
    0xba,0xfc,0x80,0x01,0x00,0x63,0x26,0xcd,0x25,0x41,0xe9,0x00,0x63,0x26,0xdd,0x45,
    0x41,0xc2,0x00,0x63,0x26,0xdf,0x31,0x41,0xf7,0x00,0x63,0x26,0xf8,0xa5,0x41,0xea,
    0x00,0x63,0x2a,0xaa,0xa5,0x22,0xdc,0x00,0x63,0x2a,0xd4,0xa5,0x41,0xf8,0x00,0x63,
    0x2a,0xd7,0x05,0x80,0x01,0x00,0x63,0x2e,0xc5,0x59,0x80,0x01,0x00,0x63,0x34,0xcd,
    0x45,0x22,0xc7,0x00,0x63,0x34,0xde,0x45,0x22,0xf8,0x00,0x63,0x37,0x9a,0x6c,0x22,
    0xa2,0x00,0x63,0x37,0xa8,0xd2,0x80,0x01,0x00,0x63,0x37,0xba,0x0a,0x41,0xeb,0x00,
    0x63,0x3a,0xad,0x65,0x41,0xd7,0x00,0x63,0x55,0xaa,0xe5,0x41,0x7c,0x00,0x63,0x55,
    0xaa,0xe7,0x41,0x7c,0x00,0x63,0x57,0xd6,0xee,0x41,0xf7,0x00,0x63,0x57,0xde,0x9a,
    0x22,0xff,0x00,0x63,0x58,0xd5,0xc8,0x22,0x9b,0x00,0x63,0x85,0x94,0xa5,0x13,0x18,
    0x00,0x63,0x86,0xc6,0x34,0x41,0xa1,0x00,0x63,0x8e,0xc8,0xa5,0x41,0xec,0x00,0x63,
    0x8e,0xcd,0x85,0x41,0xed,0x00,0x63,0x8e,0xe5,0x0d,0x80,0x01,0x00,0x63,0x94,0xdd,
    0x25,0x80,0x01,0x00,0x64,0xc7,0xc5,0x45,0x80,0x01,0x00,0x64,0xd0,0xa8,0xa5,0x41,
    0xee,0x00,0x64,0xd1,0xc0,0xa5,0x41,0xde,0x00,0x64,0xd3,0x94,0xa5,0x22,0x9e,0x00,
    0x64,0xd8,0xe5,0x45,0x41,0xa3,0x00,0x64,0xda,0xcf,0x25,0x41,0xb7,0x00,0x65,0x4a,
    0xe5,0xa5,0x80,0x01,0x00,0x65,0x51,0xc4,0xa5,0x41,0xef,0x00,0x65,0x52,0xd6,0x2a,
    0xc0,0x01,0xf2,0x65,0xaa,0x94,0xa5,0x04,0xfd,0x00,0x65,0xaa,0xc8,0xa5,0x80,0x01,
    0x00,0x65,0xaa,0xcc,0xa5,0x04,0xf9,0x00,0x65,0xae,0xa9,0x65,0x80,0x01,0x00,0x65,
    0xae,0xa9,0x78,0x22,0xa5,0x00,0x65,0xb7,0xd3,0x4c,0x08,0xfe,0x00,0x65,0xb7,0xd3,
    0x85,0x41,0xf0,0x00,0x65,0xb7,0xe8,0xa5,0x08,0xfe,0x00,0x65,0xb7,0xeb,0x19,0x41,
    0xed,0x00,0x65,0xca,0x94,0xa5,0x41,0xf1,0x00,0x65,0xd2,0x9d,0x57,0x80,0x01,0x00,
    0x66,0x85,0x94,0xa5,0x08,0xff,0x00,0x66,0x92,0x9c,0xa5,0x80,0x01,0x00,0x66,0x94,
    0xc4,0xa5,0xa2,0xd7,0x01,0x66,0x94,0xc5,0x0d,0x80,0x01,0x00,0x66,0x94,0xc7,0x05,
    0x80,0x01,0x00,0x66,0x94,0xe5,0xa5,0x80,0x01,0x00,0x66,0x97,0xa1,0xa5,0x80,0x01,
    0x00,0x66,0x98,0xe0,0xa5,0x41,0xf0,0x00,0x66,0x9a,0xa1,0xa5,0x41,0xdd,0x00,0x66,
    0x9a,0xdc,0xa5,0x22,0x96,0x00,0x66,0xe6,0xba,0x25,0x80,0x01,0x00,0x66,0xe6,0xd4,
    0xa5,0x22,0xcc,0x00,0x66,0xe6,0xd4,0xbc,0x80,0x01,0x00,0x66,0xe6,0xd5,0x34,0x80,
    0x01,0x00,0x66,0xea,0x9b,0x1a,0xc0,0x01,0xf2,0x66,0xea,0xa8,0xa5,0x80,0x01,0x00,
    0x66,0xea,0xab,0x05,0x80,0x01,0x00,0x66,0xee,0xa5,0x53,0x80,0x01,0x00,0x66,0xf4,
    0xc6,0x25,0x80,0x01,0x00,0x66,0xf4,0xd5,0xbe,0x22,0xd4,0x00,0x66,0xfa,0xce,0x05,
    0x80,0x01,0x00,0x67,0x47,0xa8,0xa5,0x80,0x01,0x00,0x67,0x4c,0x94,0xa5,0x41,0xd4,
    0x00,0x67,0x57,0xcc,0xa5,0x41,0xf3,0x00,0x67,0x8e,0xe3,0x2e,0x22,0xdb,0x00,0x68,
    0xa5,0x94,0xa5,0x18,0xfc,0x17,0x6a,0x3e,0xe3,0x0a,0x41,0xca,0x00,0x6a,0x66,0xe7,
    0x26,0x41,0xf5,0x00,0x6a,0x69,0xaa,0xe5,0x08,0xf0,0x00,0x6a,0x69,0xaa,0xf3,0x08,
    0xf0,0x00,0x6a,0x6b,0x9b,0x19,0x41,0xf5,0x00,0x6a,0x6d,0xd2,0x90,0x41,0xf5,0x00,
    0x6a,0x71,0xd1,0x10,0x41,0xf4,0x00,0x6a,0x77,0xeb,0x19,0x22,0xbc,0x00,0x6a,0x78,
    0xa2,0xee,0x41,0x85,0x00,0x6a,0x79,0xb9,0x45,0x41,0xf5,0x00,0x6a,0xa5,0x94,0xa5,
    0x18,0xfc,0x17,0x6b,0x0a,0xc5,0x58,0x22,0xb8,0x00,0x6b,0x0e,0xcd,0x85,0x08,0xfe,
    0x00,0x6c,0xd1,0xed,0x45,0x80,0x01,0x00,0x6c,0xd2,0xd5,0xd7,0xa0,0x01,0xeb,0x6d,
    0x57,0x9e,0x98,0x41,0x7a,0x00,0x6d,0x57,0xe1,0xd4,0x41,0x86,0x00,0x6d,0xc8,0xba,
    0x9a,0x22,0xa4,0x00,0x6d,0xd8,0xa2,0x9a,0x22,0x94,0x00,0x6d,0xd9,0xdd,0x54,0x22,
    0xb0,0x00,0x70,0xa5,0x94,0xa5,0x32,0xa1,0x1d,0x70,0xc9,0xa8,0xa5,0x41,0xec,0x00,
    0x70,0xce,0xe4,0xa5,0x41,0xf6,0x00,0x70,0xd0,0xa8,0xa5,0x41,0xf7,0x00,0x70,0xd1,
    0xc0,0xa5,0x41,0xf8,0x00,0x70,0xd1,0xc4,0xa5,0x80,0x01,0x00,0x70,0xd1,0xc7,0x05,
    0x80,0x01,0x00,0x70,0xd9,0xaa,0xe5,0x80,0x01,0x00,0x70,0xdb,0xa8,0xa5,0x41,0xf9,
    0x00,0x71,0x46,0xdc,0xa5,0x41,0xfa,0x00,0x71,0x58,0xe4,0xa5,0x32,0xa1,0x1d,0x71,
    0xa6,0xe4,0xa5,0x41,0xa8,0x00,0x71,0xa6,0xe7,0x05,0x41,0xa8,0x00,0x71,0xaa,0xdd,
    0x45,0x41,0xac,0x00,0x71,0xae,0xe5,0x45,0x22,0xfc,0x00,0x71,0xd3,0x94,0xa5,0x41,
    0xfb,0x00,0x71,0xd3,0xa4,0xa5,0x41,0xfc,0x00,0x71,0xd3,0xa5,0xd3,0x22,0x83,0x00,
    0x71,0xd3,0xa6,0x9c,0x80,0x01,0x00,0x71,0xd3,0xcc,0xcc,0x41,0xfb,0x00,0x71,0xd8,
    0xb4,0xa5,0x41,0xfd,0x00,0x71,0xd9,0xb4,0xa5,0x08,0xfe,0x00,0x72,0x94,0xa5,0x53,
    0x22,0xdd,0x00,0x72,0xea,0xcd,0x0d,0x80,0x01,0x00,0x72,0xee,0xe5,0xd3,0x80,0x01,
    0x00,0x77,0xdf,0xff,0xc5,0x41,0xcf,0x00,0x78,0xa5,0x94,0xa5,0x04,0xef,0x00,0x78,
    0xd3,0xc0,0xa5,0x41,0xd4,0x00,0x79,0x51,0xc4,0xa5,0x41,0xfe,0x00,0x79,0x51,0xc6,
    0x9c,0x22,0xd6,0x00,0x79,0x58,0x94,0xa5,0x04,0xf1,0x00,0x7c,0xa5,0x94,0xa5,0x41,
    0xf6,0x00,0x7e,0x97,0xc0,0xa5,0x62,0x93,0xff,0x7e,0x97,0xc2,0x4e,0x80,0x01,0x00,
    0x7f,0xf2,0xb1,0x10,0x80,0x01,0x00,
};
const unsigned int netbin_story_len = 20023u;

const unsigned char *netbin_story_data(void) { return netbin_story_bytes; }
unsigned int         netbin_story_size(void) { return netbin_story_len; }

#else

const unsigned char *netbin_story_data(void) { return 0; }
unsigned int         netbin_story_size(void) { return 0u; }

#endif /* NETBIN */
